id,user_id,body,sense_of_lord,audio_url,created_at,updated_at
098ed744-b35d-4068-b7eb-b040964b917a,a2848a08-8147-4cac-acb5-a39f0f7538df,"I was thinking about a video my little brother sent me. In a video, he talked about how some women find their value and how closely relate they could become something. Whether that is for some women, their value is found in how closely they can look like a man or a sorry, appear to be masculine. And you have some women. Their value is found in them and how close they can appear to be goddess.",,a2848a08-8147-4cac-acb5-a39f0f7538df/moment_2433A49C-D334-4CD2-8464-C8B6CBF26B34.m4a,2026-03-18 17:11:11+00,2026-03-18 17:11:11+00
b5d3fa3a-2ce8-4dc3-8700-1c009341aab6,a2848a08-8147-4cac-acb5-a39f0f7538df,"My little brother gave me a sermon to listen to and it talked about the differences between man and woman. And I learned that this is really neat because they never dawned upon me to think that, Oh God also told Eve not to eat from the tree. Because when Satan tempted her to eat of that tree, Eve responded with ""I shall not eat of that tree unless I should die."" So it makes me wonder, okay, people are there other nuances of scripture that are highlighted not directionally but causally.",,a2848a08-8147-4cac-acb5-a39f0f7538df/moment_C28B706D-7242-4919-9C43-76BC1889F4F0.m4a,2026-03-18 16:47:57+00,2026-03-18 16:47:57+00
2c4ec337-9947-4cda-9c8a-f1e4d379df28,a2848a08-8147-4cac-acb5-a39f0f7538df,"In a minute, I just had a moment. I was listening to a sermon, a little brother sent me and talked about the differences between men and women and how God made Adam and Eve. I had never done the part of me to think through her. Eve was also informed that she is a supposed woman from the street. someone say, you know, Gangnam-Taya is that, it's all out of that. No, it's all about... It's all about the net also of surfaces of question. Because like, we know that that's the case because he stayed at T to the serpent. We are told not to eat from the tree unless we should die. So, yeah, I told her as well. So she wondered what are the other things that took place. It isn't clear directly, but maybe clear, causally.",,a2848a08-8147-4cac-acb5-a39f0f7538df/moment_FB538D21-32AF-472E-8BC9-C5879B730BF5.m4a,2026-03-18 16:46:39+00,2026-03-18 16:46:39+00
76337637-98d1-4551-b8ca-d683e8bb9cdf,a2848a08-8147-4cac-acb5-a39f0f7538df,"Man, I was just, well, I just finished my prayer or my affirmations today. And I thought about my brother Vince who passed away. And he has children. They don't know that they have an uncle. And I just didn't feel any little bad about it. I went to go on Facebook and see how they're doing. And they're big and strong. pray for them but try to figure out at what and what way do I become involved because I know that they're The lifestyle that their father lived the lifestyle probably their mother lived and especially their grandfather and other uncles They were deep in the streets and Not saying they are today, but I know then they were especially their dad and were their uncle Sorry, they're a grandfather and it's like if I get involved Does that work me into that? So me I'm not worried about that But that's one of those were it's a concern the other is Maybe the biggest like will I be accepted because they never met me So just praying through that like how do I do I become involved how do I become involved? And then thirdly, it's like if I get involved with her, I don't know. The thing I'm saying is Jada. I don't know her personally. I've only met her a couple of times. But I don't know what kind of woman she is. Is she going to try to take advantage of me? You know what I'm saying? People look at me. They see that I'm not quote-on-quote. I'm not the most stoic person. I'm pretty charismatic. And I think some people associate my charisma with vulnerability. Or is it like she made cater to me because I'm something different like me. He's a positive person. You know, I'm just trying to think through that. I think through that, you know. So that's a challenge.",,a2848a08-8147-4cac-acb5-a39f0f7538df/moment_D476C8B7-6255-448B-AFFB-76878B26BB6D.m4a,2026-03-18 14:27:24+00,2026-03-18 14:27:24+00
944fe064-1360-4754-8d97-700e46c0e4ea,a2848a08-8147-4cac-acb5-a39f0f7538df,"I was thinking I would Daryana as well in the stream. I was kicking it with my auntie and Shion. I remember Daryana asked me for something I think I did it for. She needed me to go to grocery store and I ain't up doing it for her. I was like, damn, I'm just like, how I do it for you though. And then Shion, she was saying some awful shit. It's awful because it was coming to me as opposed to coming to like a professional. She said her husband had a small penis. It was weird. And I'm like, ""Shut your ass, big ass dude, what you mean? What are you even doing?"" I was thinking about saying. And I was trying to like, comfort her. I don't know. It was weird.",,a2848a08-8147-4cac-acb5-a39f0f7538df/moment_71697DD9-C30E-4663-B70A-195C8B8FA81E.m4a,2026-03-18 14:03:14+00,2026-03-18 14:03:14+00
8ac57906-6982-4a86-92e1-8ecb89608d5b,a2848a08-8147-4cac-acb5-a39f0f7538df,"Also last night, I dreamt that I was... What's someone who I felt comfortable with? But I was not attracted to her. She'd be beautiful, but I didn't find her. I was an attracted to her. Um... And I was feeling... I was feeling guilty... because I was going to have to let her, you know, break up with her. ",,a2848a08-8147-4cac-acb5-a39f0f7538df/moment_03C0F52C-684A-4A4B-9273-75EFF1110910.m4a,2026-03-18 13:56:05+00,2026-03-18 13:56:05+00
24de0d62-0d80-49d0-a266-d8cad69852ec,a2848a08-8147-4cac-acb5-a39f0f7538df,"(crashing) (sighs) Good morning. To sea. To the sea, let's see. First thing I think that comes to mind, Here this giant, that was trying to steal an airplane. We were all trying to find back this system and he was trying not to airplane, make sure he could fly it. There's a whole several things that took place. ",,a2848a08-8147-4cac-acb5-a39f0f7538df/moment_732D71FC-F962-462D-A5E3-F235B101562D.m4a,2026-03-18 13:51:07+00,2026-03-18 13:51:07+00
af3ea816-951c-42b4-88ea-e415ad4392fb,a2848a08-8147-4cac-acb5-a39f0f7538df,"Usudjdhdhdhdhhdd
Hehdhdhdjdjdd",,,2026-03-17 23:57:42+00,2026-03-17 23:57:42+00
22d9e277-37fc-444f-bf43-648eb00244f1,a2848a08-8147-4cac-acb5-a39f0f7538df,"
You
Good, so I'm gonna go ahead and shut everything down. Or you said force quit, 

Apple Support
Yeah. 

You
right? and then shut the computer down. 

Apple Support
Yeah, yeah. Make sure you if there's anything you needed to be saved to go ahead and do that too. 

You
Yeah, is everything safe? Have you ran into this issue before? Is 

Apple Support
Yeah, plenty. 

You
it with people that are like doing development? Web development? 

Apple Support
Not so much web development no. When you say you're running web development? Are you using like what do 

You
Xcode. 

Apple Support
they call that like CSS HTML all that stuff? 

You
Uh, yeah, Xcode. I'm using Apple's, uh, mobile code base. 

Apple Support
Oh, yeah, those professional apps? I don't know anything about the uh they're kind of outside my scope of support. 

You
Yeah. But I don't know if it's necessarily the act. I think that, like, there's just, uh, it's just lagging. Uh, I know 

Apple Support
Yeah. 

You
that whenever I like use certain tools, it'll lag. I like, what can I? I mean, What else do I use? For it? Ouch. Okay. It shut down. 

Apple Support
Okay. Uh just uh let me know when you're logging back in. 

You
logging back in now. And if we do a screen share, you may see some proprietary data. Would that be protected? Would that be 

Apple Support
What 

You
kept 

Apple Support
do 

You
between? 

Apple Support
you mean by 

You
Data 

Apple Support
that? Because. 

You
like um. Like, uh, you're gonna probably see my... In order for me to like re-enact the issue, I would have to log into my system. Right? And 

Apple Support
Okay. 

You
so, you may see, you're gonna for sure see code that's proprietary. Um. 

Apple Support
Oh, okay, yeah. yeah. So, if I screen share, we're mostly worried about like sensitive information that's gonna, you know, that could cause us issues like if it's a credit card, healthcare records, all that type of jazz, anything else we don't really. And I don't want to say that we don't care about. It's just, it doesn't matter to us at this. 

You
Okay, cool. 

Apple Support
If 

You
Well, 

Apple Support
that makes sense. Yeah. 

You
I guess is that consent that you, like for example, let's say if I got a $1000000000 idea. Right? Uh, you 

Apple Support
Yeah. 

You
won't be looking at, you won't, whatever you see, won't be used. Without 

Apple Support
against 

You
my 

Apple Support
you. 

You
consent. 

Apple Support
Is that is that what you mean like you've against 

You
No, 

Apple Support
you? 

You
no, no, no, no, just without my. I guess that is against me, but without my consent. Or let's say let's 

Apple Support
Oh, 

You
say that there was a, yeah, 

Apple Support
yeah. 

You
go ahead. 

Apple Support
Yeah, we don't record like, it's not that we don't record. It's like us as individual advisors. We're not allowed to uh record anything like we're not allowed to have paper cell phones that type of jazz because that would be um you know Apple's against Apple's rules about like uh privacy and security. So yeah, you don't have to worry about that type of stuff if you're afraid that someone's gonna like steal your information or leak it. That is against Apple policy. 

You
Okay, cool. All right. Good deal. Awesome. 

Apple Support
Yeah. 

You
All right, so yeah, I'm back in now. 

Apple Support
Okay, so. Let's see. I'm gonna send that screen sharing request now. I'm gonna say something you probably already heard about the screenshot. strictly used for observation. cannot control your device. There's any sensitive information. I'll pause my screen so I don't see what it is. 

You
Okay, before I screenshot, I gotta, let me uh, bring up the entire system, then I can accept the screenshot. 

Apple Support
Well okay. What's the macOS you're running on that? 

You
Uh about this, man. Uh, Sequoia? 15.6.1. 

Apple Support
Okay. Yeah, 1515.6.1. 

You
Yep. 

Apple Support
Okay. 

You
That I was born. Okay. All right. I'm ready. 

Apple Support
Okey-dokey. Now, I am curious to know, because one, you're not running the latest software, because I know the latest software is Tahoe, but I'm not too worried about that as well, because Sequoia is not that far off. And I know we always recommend to do updates, blah, blah, blah, as well as um. Do you know how much space you're currently using on your computer 

You
You 

Apple Support
and how much 

You
know, 

Apple Support
you have 

You
yesterday? 

Apple Support
left available? 

You
So I looked at my stuff from yesterday? And the thing is, 

Apple Support
Yeah. 

You
it's been lagging. It's been lagging for several weeks now, right? But it's got more severe 

Apple Support
Okay. 

You
as of the last day. Uh, so I looked 

Apple Support
Yeah. 

You
at the stores right when you answered the phone. And um, And 

Apple Support
Yeah. 

You
it, it, it's at 209, but it only has 245. But yesterday it was at like, I had like over a 100 left. I'm like, and I don't know if that's the RAM or something else, but. Yeah, 

Apple Support
Oh 

You
I just accepted it. Did you get 

Apple Support
interesting. 

You
it? 

Apple Support
Like you're using 209 out of your total of 245. 

You
Correct. That's what it said. 

Apple Support
Oh, yeah, so, I want you to know something about that, because, if you notice a leg, let's see, what's my, because um, with the Mac devices, they need to have roughly 15% of free space, to operate. Um optimally, I guess. So, if you're running a computer with 245 and you only have 209, that means you need roughly about like 37 gigabytes of free space for your computer to run, well optimally, and if you're running. Um 209 right now, you're already over capacity, but that's just more of a FYI. 

You
Hmm, it is over, I guess, 209 out of 245. That's greater than 15%. So you're saying it's less? 

Apple Support
It needs to be less. yeah So 209 15% of 245 is roughly 37 so 37 plus the 209 that's already like 246 and that's. I know 

You
Yeah, 

Apple Support
it's only a one gigabyte 

You
no, 

Apple Support
over the 

You
my God, 

Apple Support
threshold. 

You
I don't know if it'll be this bad. 

Apple Support
Yeah. I know, but with that being said, um, that's how systems work. I, it's it's pretty frustrating. I'll I'll admit that 

You
Yeah. 

Apple Support
um. 

You
But cool. But yeah, I'm a, I'm in here. you, are you in? No. 

Apple Support
No, I'm still waiting for it to connect. Do you have a VPN on or anything? Okay, so I'm gonna get you to do something else. Um, can you open up your uh? Well, I guess you don't need to use your finder. go up to that magnifying glass in the top, right? Your screen? 

You
Mm-hmm. 

Apple Support
And I'm gonna get you to select that with that magnifying glass. I'm gonna get you to search up um. Oh, shoot. why am I drawing a blank right now? It's called. Disutility. 

You
Utility? 

Apple Support
No, no not just activity monitor. Sorry, activity monitor. 

You
Yeah. 

Apple Support
Because the reason why I'm getting you to pop up the activity monitor? Is because I want to see how much physical memory you have. 

You
Okay. 

Apple Support
Okay. So if it's on the CPU side. Could you tell me about the system user and idol? and where the loads are sitting? 

You
Uh, the idol are, oh, okay, I see at the bottom. System is... It just keeps moving. 

Apple Support
Yeah. and that's okay. I just need a rough estimate. 

You
Oh, uh, Damn, it's going anywhere from like 20 to 34. Percent. 

Apple Support
Ooh, that's a lot. okay. What about the user section? 

You
Let me see. Lowest 23 high. God damn, sorry. 

Apple Support
No, no that's fine. What's your idol? 

You
Uh, yeah, so sorry, users in 20 to 41. And then Idol is 

Apple Support
Yeah. 

You
70 the high 74. 

Apple Support
Ooh okay. Now go to the top where it says CPU. I wanna get you the select memory. 

You
Okay. 

Apple Support
Now you're gonna go back down to the bottom there you're gonna see memory pressure. You're gonna see on the left and then on the right, of the physical memory, memory used, cachet files and swap used. What is your physical memory? 

You
Physical memory. It is actually. Okay, I'm in memory. I'm inside of memory. I see, memory threads, ports PID user. Oh, 

Apple Support
Uh 

You
at the bottom, 

Apple Support
go 

You
I'm 

Apple Support
down a 

You
sorry. Okay. 

Apple Support
bit? Yeah. No, you're 

You
Physical 

Apple Support
fine. you're fine. 

You
memory, 8 gigs, memory use, 7 gigs, cash files, 

Apple Support
Ooh. 

You
7 between, yes, it's one up to like 7.30 megabytes. 

Apple Support
Okay, what about your, what about your memory pressure on the left? What color is that? 

You
Oh, it's like a brown. I 

Apple Support
Yeah. So that would 

You
feel 

Apple Support
explain 

You
like I'm at 

Apple Support
why 

You
the doctors 

Apple Support
you're 

You
visit. 

Apple Support
running. 

You
I 

Apple Support
What? 

You
feel like I'm in a doctor's office. Give me all. 

Apple Support
You kind of are. Let me grab my gloves. Um, so, that is why you're gonna notice your computer is lagging because your physical memory is 8 gigabytes, and you're not even doing anything and you're already using 7 gigabytes of memory used. 

You
Hmm. 

Apple Support
That could also explain why I can't screen share with you. I'm not even able to connect. 

You
Mm-hmm. 

Apple Support
Do you see what your memory is being used on the top there? Because normally you could see like, I don't know, 900 megabytes on, on, let's say, uh, safari, you know, 500 on, Google Chrome, something like 

You
Yeah, 

Apple Support
that. 

You
let me see if I can make it a little bit easier so you can screenshot. So I can screenshot. Because I already, yeah. 

Apple Support
Well, I don't really need to anymore. Because we figured out that your memory you, your, your physical memory is 8. Your member used the 7 so that only gives you that one gigabyte as well as your memory of your computer is already pretty much tapped out. So with all that factored in, that's why your computer is running slow. 

You
Mm. So what do I do 

Apple Support
Do 

You
to 

Apple Support
you see what 

You
increase 

Apple Support
is 

You
the 

Apple Support
the 

You
speed? 

Apple Support
program? Mm. Unfortunately with these newer computers, these Mac ones, you can't increase physical memory. Um, it has to be done when you purchase it now. I know they sell things on Amazon and stuff like that that lets you increase like NB and Es and stuff. I don't know if that would help. That's just something I'm talking out loud because I can't tell you to buy something 3rd party. That's not something we're not allowed to do because that's not Apple. Um, you know, related. Um, I just see people sell it. The only thing I would suggest is maybe like uh getting rid of some programs you don't use. Maybe, but that's still not gonna help with the physical memory because you're limited to the physical memory of the device and you can't increase it, unfortunately. 

You
You can increase it at the, like post purchase? 

Apple Support
Yeah. Not through Apple from what I've uh learned. Um, it used to be able where, you know, computers and stuff, you can take it apart, increase new RAM and stuff, but yours, with app, this Apple, and like mini PCs nowadays, they are soldered in. 

You
Hmm. So the only option is to like buy a new one. 

Apple Support
Very much unfortunate. yes. 

You
And that sucks. 

Apple Support
Now once again. I would, you know, I would browse the YouTube and stuff to see if you could increase your computers, uh, like memory via other external ways, but that's just like me once again talking out loud. I don't know, because Apple doesn't promote or sell anything that lets you increase that stuff, but I know, you know, a lot of people do that on this on like more of a outside thing. 

You
So, so what's the difference between like, Like, why would the memory slow down? The activity. Because I would think that if it was, 

Apple Support
Well. 

You
if the memory was an issue, I just couldn't save anything. 

Apple Support
Well, what it is is that's like RAM, your random access memory. Think of it this way, like, um, you have like, 3 uh pop cans in front of you, and you know, when you're normally taking one pop can, you're moving it to one spot and then you're moving it to another, well, the memory, imagine those pop cans are getting heavier, so now they're like, instead of like a normal pop can, you're carrying 2 liter pops, and now you're moving it, it becomes heavier, it becomes slower. So the more RAM you're using, remember using, it's going to be difficult to move it. 

You
Mm, so memory is utilized, not just when you're, I guess, saving, but also when you're, I guess, uh, presenting 

Apple Support
Yeah. 

You
it, I guess, 

Apple Support
Because. 

You
some sort. 

Apple Support
Yeah, there's 2 types of memory. There's uh, the RAM, which is the random access that gets, um, you know, erased every time you restart the computer and then you have like memory of the computer, that like storage. So, storage memory is what you're thinking of. When you're thinking of like more of when you're doing your programming and stuff, that's gonna be using more of your random access, 

You
Hmm. 

Apple Support
the RAM. That's why RAM prices have been skyrocketing lately because of all that AI and stuff that you probably noticed. 

You
Hmm. What about cloud storage though? Is is there like, can I not just push a lot of stuff in the cloud? Like primarily when it comes to my physical memory? 

Apple Support
You can but not for a computer. A computer is a little bit more finicky. You can store information on the cloud, but let's face it. It mostly is used for um, like photos. Sure, you could use the iCloud drive, but I don't always recommend that to people because, you're using the drive, it's kind of like a TV screen where you're um viewing your files all the time, and it's easy to fill up, and information loss is always possible, because, I know I help a lot of people with information loss, and it's because of stuff like iCloud drives, Google drives, one drives, and most people don't know where it going. 

You
Mm. Okay. This is helpful. Thank you. 

Apple Support
Yeah. You're welcome. I I know this is helpful, but it doesn't help you with your, like device running slow, but I know there's a lot of, cause, at Apple, we don't talk about, you know, exterior stuff, like how to make it faster by downloading or purchasing things, because they want you to pretty much purchase a computer that has like 16 gigabytes of RAM versus just 8. 

You
Mhm. Yeah. Cool. 

Apple Support
Yeah, yeah. And just because you're sitting at idol and you're up to the maximum, that's why you're, um, memory there is in brown, it's supposed to be green. 

You
Mm-hmm. Okay, I'm going to look at some other external things to see what I can use to 

Apple Support
Yeah. 

You
help offload some of this pressure. And I guess, well, 

Apple Support
Yeah. 

You
I guess I can just look, I don't know if you could tell me this. Have you ever done this before? 

Apple Support
On a personal level. Yes, I just purchased like external, um, NVME docs and stuff where I put extra RAM and then, and that, it's not. Helpful in a way that, it's, it's going to help you very much, and I know people always talk about bottlenecking because you're going to be limited to your USBC ports, but, this is why people run like external uh GPUs and stuff, because it works, so. 

You
So 

Apple Support
And 

You
what you have 

Apple Support
I 

You
is 

Apple Support
don't 

You
not 

Apple Support
know if 

You
an external 

Apple Support
that. 

You
GPU. 

Apple Support
That's essentially what you're gonna be looking into. Um. But if it's gonna help you. I don't know. 

You
Mm-hmm. 

Apple Support
Because I run external GPUs on mini PCs, but then again, I don't really program or play anything heavy. I just do it because I like it. 

You
Okay. I hear that. 

Apple Support
Yeah. 

You
Cool. All right. I appreciate your help. 

Apple Support
Yeah. Well I appreciate your patience and understanding. I know that wasn't that great but hopefully they answered at least some of those questions for you. 

You
Absolutely. Thank you. You 

Apple Support
You're welcome. Have yourself a great rest of your day. 

You
too, bye-bye. 

Apple Support
Bye now. ",,,2026-03-17 22:00:11+00,2026-03-17 22:00:11+00
2c7b37a4-194c-43e8-9a56-6ccc74612931,a2848a08-8147-4cac-acb5-a39f0f7538df,"You
Good, so I'm gonna go ahead and shut everything down. Or you said force quit, 

Apple Support
Yeah. 

You
right? and then shut the computer down. 

Apple Support
Yeah, yeah. Make sure you if there's anything you needed to be saved to go ahead and do that too. 

You
Yeah, is everything safe? Have you ran into this issue before? Is 

Apple Support
Yeah, plenty. 

You

it with people that are like doing development? Web development? 

Apple Support
Not so much web development no. When you say you're running web development? Are you using like what do 

You
Xcode. 

Apple Support
they call that like CSS HTML all that stuff? 

You
Uh, yeah, Xcode. I'm using Apple's, uh, mobile code base. 

Apple Support
Oh, yeah, those professional apps? I don't know anything about the uh they're kind of outside my scope of support. 

You
Yeah. But I don't know if it's necessarily the act. I think that, like, there's just, uh, it's just lagging. Uh, I know 

Apple Support
Yeah. 

You
that whenever I like use certain tools, it'll lag. I like, what can I? I mean, What else do I use? For it? Ouch. Okay. It shut down. 

Apple Support
Okay. Uh just uh let me know when you're logging back in. 

You
logging back in now. And if we do a screen share, you may see some proprietary data. Would that be protected? Would that be 

Apple Support
What 

You
kept 

Apple Support
do 

You
between? 

Apple Support
you mean by 

You
Data 

Apple Support
that? Because. 

You
like um. Like, uh, you're gonna probably see my... In order for me to like re-enact the issue, I would have to log into my system. Right? And 

Apple Support
Okay. 

You
so, you may see, you're gonna for sure see code that's proprietary. Um. 

Apple Support
Oh, okay, yeah. yeah. So, if I screen share, we're mostly worried about like sensitive information that's gonna, you know, that could cause us issues like if it's a credit card, healthcare records, all that type of jazz, anything else we don't really. And I don't want to say that we don't care about. It's just, it doesn't matter to us at this. 

You
Okay, cool. 

Apple Support
If 

You
Well, 

Apple Support
that makes sense. Yeah. 

You
I guess is that consent that you, like for example, let's say if I got a $1000000000 idea. Right? Uh, you 

Apple Support
Yeah. 

You
won't be looking at, you won't, whatever you see, won't be used. Without 

Apple Support
against 

You
my 

Apple Support
you. 

You
consent. 

Apple Support
Is that is that what you mean like you've against 

You
No, 

Apple Support
you? 

You
no, no, no, no, just without my. I guess that is against me, but without my consent. Or let's say let's 

Apple Support
Oh, 

You
say that there was a, yeah, 

Apple Support
yeah. 

You
go ahead. 

Apple Support
Yeah, we don't record like, it's not that we don't record. It's like us as individual advisors. We're not allowed to uh record anything like we're not allowed to have paper cell phones that type of jazz because that would be um you know Apple's against Apple's rules about like uh privacy and security. So yeah, you don't have to worry about that type of stuff if you're afraid that someone's gonna like steal your information or leak it. That is against Apple policy. 

You
Okay, cool. All right. Good deal. Awesome. 

Apple Support
Yeah. 

You
All right, so yeah, I'm back in now. 

Apple Support
Okay, so. Let's see. I'm gonna send that screen sharing request now. I'm gonna say something you probably already heard about the screenshot. strictly used for observation. cannot control your device. There's any sensitive information. I'll pause my screen so I don't see what it is. 

You
Okay, before I screenshot, I gotta, let me uh, bring up the entire system, then I can accept the screenshot. 

Apple Support
Well okay. What's the macOS you're running on that? 

You
Uh about this, man. Uh, Sequoia? 15.6.1. 

Apple Support
Okay. Yeah, 1515.6.1. 

You
Yep. 

Apple Support
Okay. 

You
That I was born. Okay. All right. I'm ready. 

Apple Support
Okey-dokey. Now, I am curious to know, because one, you're not running the latest software, because I know the latest software is Tahoe, but I'm not too worried about that as well, because Sequoia is not that far off. And I know we always recommend to do updates, blah, blah, blah, as well as um. Do you know how much space you're currently using on your computer 

You
You 

Apple Support
and how much 

You
know, 

Apple Support
you have 

You
yesterday? 

Apple Support
left available? 

You
So I looked at my stuff from yesterday? And the thing is, 

Apple Support
Yeah. 

You
it's been lagging. It's been lagging for several weeks now, right? But it's got more severe 

Apple Support
Okay. 

You
as of the last day. Uh, so I looked 

Apple Support
Yeah. 

You
at the stores right when you answered the phone. And um, And 

Apple Support
Yeah. 

You
it, it, it's at 209, but it only has 245. But yesterday it was at like, I had like over a 100 left. I'm like, and I don't know if that's the RAM or something else, but. Yeah, 

Apple Support
Oh 

You
I just accepted it. Did you get 

Apple Support
interesting. 

You
it? 

Apple Support
Like you're using 209 out of your total of 245. 

You
Correct. That's what it said. 

Apple Support
Oh, yeah, so, I want you to know something about that, because, if you notice a leg, let's see, what's my, because um, with the Mac devices, they need to have roughly 15% of free space, to operate. Um optimally, I guess. So, if you're running a computer with 245 and you only have 209, that means you need roughly about like 37 gigabytes of free space for your computer to run, well optimally, and if you're running. Um 209 right now, you're already over capacity, but that's just more of a FYI. 

You
Hmm, it is over, I guess, 209 out of 245. That's greater than 15%. So you're saying it's less? 

Apple Support
It needs to be less. yeah So 209 15% of 245 is roughly 37 so 37 plus the 209 that's already like 246 and that's. I know 

You
Yeah, 

Apple Support
it's only a one gigabyte 

You
no, 

Apple Support
over the 

You
my God, 

Apple Support
threshold. 

You
I don't know if it'll be this bad. 

Apple Support
Yeah. I know, but with that being said, um, that's how systems work. I, it's it's pretty frustrating. I'll I'll admit that 

You
Yeah. 

Apple Support
um. 

You
But cool. But yeah, I'm a, I'm in here. you, are you in? No. 

Apple Support
No, I'm still waiting for it to connect. Do you have a VPN on or anything? Okay, so I'm gonna get you to do something else. Um, can you open up your uh? Well, I guess you don't need to use your finder. go up to that magnifying glass in the top, right? Your screen? 

You
Mm-hmm. 

Apple Support
And I'm gonna get you to select that with that magnifying glass. I'm gonna get you to search up um. Oh, shoot. why am I drawing a blank right now? It's called. Disutility. 

You
Utility? 

Apple Support
No, no not just activity monitor. Sorry, activity monitor. 

You
Yeah. 

Apple Support
Because the reason why I'm getting you to pop up the activity monitor? Is because I want to see how much physical memory you have. 

You
Okay. 

Apple Support
Okay. So if it's on the CPU side. Could you tell me about the system user and idol? and where the loads are sitting? 

You
Uh, the idol are, oh, okay, I see at the bottom. System is... It just keeps moving. 

Apple Support
Yeah. and that's okay. I just need a rough estimate. 

You
Oh, uh, Damn, it's going anywhere from like 20 to 34. Percent. 

Apple Support
Ooh, that's a lot. okay. What about the user section? 

You
Let me see. Lowest 23 high. God damn, sorry. 

Apple Support
No, no that's fine. What's your idol? 

You
Uh, yeah, so sorry, users in 20 to 41. And then Idol is 

Apple Support
Yeah. 

You
70 the high 74. 

Apple Support
Ooh okay. Now go to the top where it says CPU. I wanna get you the select memory. 

You
Okay. 

Apple Support
Now you're gonna go back down to the bottom there you're gonna see memory pressure. You're gonna see on the left and then on the right, of the physical memory, memory used, cachet files and swap used. What is your physical memory? 

You
Physical memory. It is actually. Okay, I'm in memory. I'm inside of memory. I see, memory threads, ports PID user. Oh, 

Apple Support
Uh 

You
at the bottom, 

Apple Support
go 

You
I'm 

Apple Support
down a 

You
sorry. Okay. 

Apple Support
bit? Yeah. No, you're 

You
Physical 

Apple Support
fine. you're fine. 

You
memory, 8 gigs, memory use, 7 gigs, cash files, 

Apple Support
Ooh. 

You
7 between, yes, it's one up to like 7.30 megabytes. 

Apple Support
Okay, what about your, what about your memory pressure on the left? What color is that? 

You
Oh, it's like a brown. I 

Apple Support
Yeah. So that would 

You
feel 

Apple Support
explain 

You
like I'm at 

Apple Support
why 

You
the doctors 

Apple Support
you're 

You
visit. 

Apple Support
running. 

You
I 

Apple Support
What? 

You
feel like I'm in a doctor's office. Give me all. 

Apple Support
You kind of are. Let me grab my gloves. Um, so, that is why you're gonna notice your computer is lagging because your physical memory is 8 gigabytes, and you're not even doing anything and you're already using 7 gigabytes of memory used. 

You
Hmm. 

Apple Support
That could also explain why I can't screen share with you. I'm not even able to connect. 

You
Mm-hmm. 

Apple Support
Do you see what your memory is being used on the top there? Because normally you could see like, I don't know, 900 megabytes on, on, let's say, uh, safari, you know, 500 on, Google Chrome, something like 

You
Yeah, 

Apple Support
that. 

You
let me see if I can make it a little bit easier so you can screenshot. So I can screenshot. Because I already, yeah. 

Apple Support
Well, I don't really need to anymore. Because we figured out that your memory you, your, your physical memory is 8. Your member used the 7 so that only gives you that one gigabyte as well as your memory of your computer is already pretty much tapped out. So with all that factored in, that's why your computer is running slow. 

You
Mm. So what do I do 

Apple Support
Do 

You
to 

Apple Support
you see what 

You
increase 

Apple Support
is 

You
the 

Apple Support
the 

You
speed? 

Apple Support
program? Mm. Unfortunately with these newer computers, these Mac ones, you can't increase physical memory. Um, it has to be done when you purchase it now. I know they sell things on Amazon and stuff like that that lets you increase like NB and Es and stuff. I don't know if that would help. That's just something I'm talking out loud because I can't tell you to buy something 3rd party. That's not something we're not allowed to do because that's not Apple. Um, you know, related. Um, I just see people sell it. The only thing I would suggest is maybe like uh getting rid of some programs you don't use. Maybe, but that's still not gonna help with the physical memory because you're limited to the physical memory of the device and you can't increase it, unfortunately. 

You
You can increase it at the, like post purchase? 

Apple Support
Yeah. Not through Apple from what I've uh learned. Um, it used to be able where, you know, computers and stuff, you can take it apart, increase new RAM and stuff, but yours, with app, this Apple, and like mini PCs nowadays, they are soldered in. 

You
Hmm. So the only option is to like buy a new one. 

Apple Support
Very much unfortunate. yes. 

You
And that sucks. 

Apple Support
Now once again. I would, you know, I would browse the YouTube and stuff to see if you could increase your computers, uh, like memory via other external ways, but that's just like me once again talking out loud. I don't know, because Apple doesn't promote or sell anything that lets you increase that stuff, but I know, you know, a lot of people do that on this on like more of a outside thing. 

You
So, so what's the difference between like, Like, why would the memory slow down? The activity. Because I would think that if it was, 

Apple Support
Well. 

You
if the memory was an issue, I just couldn't save anything. 

Apple Support
Well, what it is is that's like RAM, your random access memory. Think of it this way, like, um, you have like, 3 uh pop cans in front of you, and you know, when you're normally taking one pop can, you're moving it to one spot and then you're moving it to another, well, the memory, imagine those pop cans are getting heavier, so now they're like, instead of like a normal pop can, you're carrying 2 liter pops, and now you're moving it, it becomes heavier, it becomes slower. So the more RAM you're using, remember using, it's going to be difficult to move it. 

You
Mm, so memory is utilized, not just when you're, I guess, saving, but also when you're, I guess, uh, presenting 

Apple Support
Yeah. 

You
it, I guess, 

Apple Support
Because. 

You
some sort. 

Apple Support
Yeah, there's 2 types of memory. There's uh, the RAM, which is the random access that gets, um, you know, erased every time you restart the computer and then you have like memory of the computer, that like storage. So, storage memory is what you're thinking of. When you're thinking of like more of when you're doing your programming and stuff, that's gonna be using more of your random access, 

You
Hmm. 

Apple Support
the RAM. That's why RAM prices have been skyrocketing lately because of all that AI and stuff that you probably noticed. 

You
Hmm. What about cloud storage though? Is is there like, can I not just push a lot of stuff in the cloud? Like primarily when it comes to my physical memory? 

Apple Support
You can but not for a computer. A computer is a little bit more finicky. You can store information on the cloud, but let's face it. It mostly is used for um, like photos. Sure, you could use the iCloud drive, but I don't always recommend that to people because, you're using the drive, it's kind of like a TV screen where you're um viewing your files all the time, and it's easy to fill up, and information loss is always possible, because, I know I help a lot of people with information loss, and it's because of stuff like iCloud drives, Google drives, one drives, and most people don't know where it going. 

You
Mm. Okay. This is helpful. Thank you. 

Apple Support
Yeah. You're welcome. I I know this is helpful, but it doesn't help you with your, like device running slow, but I know there's a lot of, cause, at Apple, we don't talk about, you know, exterior stuff, like how to make it faster by downloading or purchasing things, because they want you to pretty much purchase a computer that has like 16 gigabytes of RAM versus just 8. 

You
Mhm. Yeah. Cool. 

Apple Support
Yeah, yeah. And just because you're sitting at idol and you're up to the maximum, that's why you're, um, memory there is in brown, it's supposed to be green. 

You
Mm-hmm. Okay, I'm going to look at some other external things to see what I can use to 

Apple Support
Yeah. 

You
help offload some of this pressure. And I guess, well, 

Apple Support
Yeah. 

You
I guess I can just look, I don't know if you could tell me this. Have you ever done this before? 

Apple Support
On a personal level. Yes, I just purchased like external, um, NVME docs and stuff where I put extra RAM and then, and that, it's not. Helpful in a way that, it's, it's going to help you very much, and I know people always talk about bottlenecking because you're going to be limited to your USBC ports, but, this is why people run like external uh GPUs and stuff, because it works, so. 

You
So 

Apple Support
And 

You
what you have 

Apple Support
I 

You
is 

Apple Support
don't 

You
not 

Apple Support
know if 

You
an external 

Apple Support
that. 

You
GPU. 

Apple Support
That's essentially what you're gonna be looking into. Um. But if it's gonna help you. I don't know. 

You
Mm-hmm. 

Apple Support
Because I run external GPUs on mini PCs, but then again, I don't really program or play anything heavy. I just do it because I like it. 

You
Okay. I hear that. 

Apple Support
Yeah. 

You
Cool. All right. I appreciate your help. 

Apple Support
Yeah. Well I appreciate your patience and understanding. I know that wasn't that great but hopefully they answered at least some of those questions for you. 

You
Absolutely. Thank you. You 

Apple Support
You're welcome. Have yourself a great rest of your day. 

You
too, bye-bye. 

Apple Support
Bye now. 

",,,2026-03-17 22:00:01+00,2026-03-17 22:00:01+00
74d0a5fb-41ff-4272-8e6e-ec441d1cd711,a2848a08-8147-4cac-acb5-a39f0f7538df,"Yeah there's good shut out to them bro, uh shit You know that now's that's that's not how you feel Three who want that match up to you? No No You gotta say no Yeah And we got 26 and a double Okay So we had to be together and well so while it's ever P screen it's all my life but all the LP scene He's the same skier. You know, fans, I was going to be like, ""I was lucky, you were pretty much like-- you couldn't score that much."" OK, OK. [INAUDIBLE] So be honest, that's-- That's not so loud. If it matters, that's not how I want to see the race play through on three, bro. But who the-- If it matters, up. If it matters, up school is 26, but maybe like 620, so on you. He killed you? Bro, if I play in the game and I'm the head name and you the head, I mean, Marcus C versus Ron Lam. We play. Followed five. What's your name? You good girl. But listen Five on five I go to Kentucky you go to Indiana market team words the wrong damn our name on if the end This will be playing Niggas whether you guard me at night at the end of the game if I have 30 and you got eight in my team one They gonna say I killed you. It don't matter who guard me. That's how this shit works, bro Even if they don't say that you killed you they gonna say marketing was the best round of court I'll perform you nigga you was on the court. I was on the court And this is why I don't like these niggas playing 303 cuz now they picking and choosing well you scored 10 points on here Why did just play one on one bro? I'm gonna play the wind again bro and then I'm gonna say I kicked your ass afterwards whether you guard be a guy I'm gonna do you post it dude niggas Post it dude as smart as bad because guess what guess what when when LP be guys in the 2v2 way you do Yeah That's what you supposed to do. I'm gonna go at the weakest putter on the court Why would I why would I go at the hardest fight make a heart of the week is no I can win maybe I want to win that just makes it What they're gonna be was that one in deep was that game? Yeah - Yeah, I don't know. Yeah, you should've stayed dead. I don't know why you didn't get in here. - You said that didn't come back in, he didn't know what I was like. - Yeah, he didn't know what he was doing. - Right, so I ain't get enough touches, bro. You got it. Fuck this shit. Fuck it. (laughing) I ain't about to keep watching you. I ain't about to keep watching you. - He was getting killed though, but he was getting killed. - Oh, be John. - Fuck it, oh. Yeah, he knew when I started running. - Well, then he needed a sub. - Yeah, that's good shit. - Nah, he was still there. - He was about to get a basket. But yeah, but let's switch to college bro. I see AJ the best of man. He didn't get player of the year in the big 12 In terms of you know it gets to the K from Arizona every 13 I don't understand any no one in country. Oh season God, that's a bad look. That's a bad look. He's supposed to get player of the year But I don't give a fuck about the team. I said this is why these awards get tricky even in NBA bro If I'm having a better year and my team needs me more to win I should get these certain awards, bro. You can't blame me because this nigga out of better team to me It's kind of like like the K K kind of kind of him or Luka on a Lakers They team really need what not even look at I say K if he doesn't play They they ask bro like they really need Tell me you think and that you should get it over at shadow no, I'm not saying that but listen to what I'm saying Niggas going SGA having a phenomenal year, but I'm saying like K his value to his team is incredible SGA okay see wins whether SGA plays or not bro like they be smack at niggas It don't matter who play on 18 bro. They still win bro. He has a better team So since he got the better record and better teams since he's gonna get that MVP every time anyway He should he deserves it because he's killing him a hell of a year, but I'm saying if it was Like right here. It kind of is naked neck. Okay. Well, he ever's 32 like killing But SGA team is better. So he gonna get it. But K team ain't shit if he don't play he's carrying them niggas, bro And he got them number one in the east he's carrying them niggas, bro He's carrying them for show But man, he don't play that is If you don't play for a month and a half through niggas gonna drop to six in the east, bro You don't play for two months. The niggas gonna fall bro SGA one having this he's he's he having brought a brewed for bro, but okay, no, no, no, no, he deserves it But I'm just saying I don't like the teen successes what I'm saying nigga Okay, you got you can't be trash. What did uh, why you get trash in the name? Huh, they never rate what even a rate What did you get? You finished the next I Don't know what I'm gonna pack Maybe like I'm gonna ask him because even like Francis you know it'll be years like uh Like let's first let's say the Marcus Cougars when he's with the with the Kings He always has to - That's hard. Crazy number, my best team was not doing so. He never got considered for any of these-- - He can't be bottled up. - So I'm barrel. You can't be bottled up. - But my point is, even though AJ having the hell of a year, you still gotta have some type of success where you entered in the top three, four. - You do. - You gotta be in the top three, four out of it. - But I got it, but because he was in the middle of the bottom type area, that's why it happened. I think that's all the places. - But that's-- - A couple of get it as empty stacks. But that comes in a play when it's like a nigga of your caliber or like Stats is similar the nigga they gave it to That was 13 bro like what are you talking about naked? Oh, he's give it to a cold peed or something nigga that's the average in 16 You get to a nigga that average 13 points bro. I ever was crazy. I was 20 BYU got some good wins this year. They had solid team at tournament team. I mean, they middle of the pack, they probably like 56. Something like that. They middle of the pack. But it's bad guy right there. But he should have got a big 12 player a year. I see in Cam Booster, that nigga won everything. Rookie of the year, you're a player of the year. Killed the ACC. I think he's going to get a player of the year player of the year in college period. You think he'll get it? Yeah, yeah. What they number one country number top three next on who gonna get it? Yeah, I'm sure getting It's not gonna be a question. He the most polished player. What do you got get it right player at the year in high school? Did he get that I'm pretty sure he got it? He getting player at the year in college He getting all these awards. He the most polished out of all these niggas. He's the most plug in ready He don't got the most potential, but he's the most plug in ready player You could throw him on anything right now. He's gonna. He can go get your 16 17 18 Every crack because I don't get you the buzzer on his name Every now he can get you 16 and every night. Yeah, bro. So what I got? AJ the thing with AJ he gonna have games where he get 30 35, but he gonna have games where he get five and six two You're gonna be up and down like I was like five Nice I have games you go have rough games bro like a's Bailey It's gonna be like this care booze and shit Yeah, cuz his potential is through the roof. He got way more potential than Campbell's but can't booster his plug in ready Shit, he can fit a system. His game is really mature. He can fit a system right now. Yeah, bro. He's just ready A cuff SEC player in the year well deserved Shit, it was a good player in the SEC that he got that award over to but he deserved it, bro He killed he had a hell of a year what he ever is 22 I point guard for coach cow to I can pull up tape right now you playing point guard I was a backup I was a backup point so you played point guard point guard is funny but I see bring that point yeah I started to play though yeah but it's not that point guard so hey all I can say hey look I don't ever see it this when I was when I was playing point guard I was Projected top five then cost count moving because he tried to fit right in and fucked everything up Cuz my the system was made for me, but I digress. I'm just letting you know I was 19 to 16 all started point guard So you say that ships of my else name. It's okay Mercy you okay We would have been if I was the vice-contact Now be a move should the state be a move should the state would you bro be a move should the state? I have to say I'm gonna say I still with one more games at point guard All you want to be in point guard? I would have won more games if we played for over my years But I'm telling if you was there I would have been on the wing for sure Yeah, we was like a fool. I would have been talking. Hey move. Cook kick that bitch up. Make it I got you when we get caught on get mine first I'm gonna go.",,a2848a08-8147-4cac-acb5-a39f0f7538df/moment_3B161776-D581-47DE-BF72-7B51E8B82636.m4a,2026-03-17 21:51:57+00,2026-03-17 21:51:57+00
e6adeeef-8549-4bea-9370-c3781362a791,a2848a08-8147-4cac-acb5-a39f0f7538df,"Manage of summer, to be honest, these things are just like to play a matchup every weekend, every couple weeks. You know what I'm saying? Like realistically, like the top dudes would probably have like five or six gallons every summer. Against other top level dudes to get the most out of it. But that's gonna cost a lot more money to set up the production, panties, dudes. So that's why they need, you know, my new sponsors for that. - You gotta pay the pay, nigga. That's how this shit works. We gotta spend money to make money, nigga. We all know how this goes. - Let's do. - Let's do. - But how much if you, if you, if you, Dave, though, how much money are you gonna spend realistically trying to get these type dues in, especially if they're really, like, that's a luck, yeah, it's real like. - Yeah, well, I understand, 'cause he do a lot of shit by himself. So he probably got, he's from sponsors and some people who work with you, like, just get some sponsors, bro. Some niggas are sponsored in shit, bro. Niggas start making shit happen, bro. 'Cause it's a good product. It's a really good product. - For sure. - All right, I got things to say. - I got something about, I have to talk about these small platforms paying the players just to come up, paying the fee. I have to talk about that. I mean, they have smaller platforms. They got to do it. They got to-- now they-- I'm talking about next chapter in Buzz Life and OTT. These are bigger platforms. I see these smaller platforms doing the same thing now. They started doing the same thing now. Because they got to-- they got to-- I know the way they got to pay. You got to invest-- it's an investment. Like, they got to pay to get the shit out there. So if you want to nies on your platform, you're going to get some views. You got to pay though. I'm saying, San Vesma. Why do you think they got picked me with what they were, bro? And then I think I'm not mad at the dudes wanting to get they bread. It's an investment, bro. Niggas ain't doing that. I'm like, ""I bought Joe's Bleeding Bro."" They be having some dopey vins, shadow germs, leafy, every vins. Nah, it's a lot of small shit that be going up. Maybe you want crazy vins, man.",,a2848a08-8147-4cac-acb5-a39f0f7538df/moment_820934E3-D416-448C-80B9-495D1340CFE9.m4a,2026-03-17 21:37:58+00,2026-03-17 21:37:58+00
d0d70dfa-6a82-4085-881f-d77692e1267d,a2848a08-8147-4cac-acb5-a39f0f7538df,They got to do is because a lot of times they tap in with people that they know in the city but they're like rappers and,,a2848a08-8147-4cac-acb5-a39f0f7538df/moment_0FFE3C84-4AE1-44FA-BED5-3DBB7E5515FB.m4a,2026-03-17 21:33:25+00,2026-03-17 21:33:25+00
1e220faf-619d-43d4-b7fa-dd525abeddb7,a2848a08-8147-4cac-acb5-a39f0f7538df,I want to know if this is working.,,a2848a08-8147-4cac-acb5-a39f0f7538df/moment_F40F1234-A7E0-4EB5-801A-F55E601E1BAA.m4a,2026-03-17 21:30:38+00,2026-03-17 21:30:38+00
3de0b6a4-01e9-40c4-8859-085e5ca8d7b4,a2848a08-8147-4cac-acb5-a39f0f7538df,"Make check, make check.",,a2848a08-8147-4cac-acb5-a39f0f7538df/moment_DD013340-5160-4010-9C11-E35A4597706B.m4a,2026-03-17 21:20:40+00,2026-03-17 21:20:40+00
6b2308b9-cb81-4e80-b61d-b40bc63f0034,a2848a08-8147-4cac-acb5-a39f0f7538df,"I want to love you. Pretty young thing. Man, it's so hot outside. No, it's not. I'm joking. I'm just making a conversation with myself. Yeah, you know what it is, man. You know how it is.",,a2848a08-8147-4cac-acb5-a39f0f7538df/moment_CAB8F43F-2E75-4659-A776-18EA7ECFC21F.m4a,2026-03-17 20:31:06+00,2026-03-17 20:31:06+00
babde810-5e51-445d-a5d5-e5167cf0e423,a2848a08-8147-4cac-acb5-a39f0f7538df,Hdhdhdhd Susie. Shaye a she she sue us eus sus shahs as shah w shahs. Shaun’s she a she she sh she s shahs shahs she s sheesh he s she’s s shave scene s shave sh s shahs shave shave’s he she she sh saber she hs egg ch b Cho h h h h h h h h h h h h h h hhh. H. Huh. JJ h h h h h h h h h h h h h h h h h h h h h h h h h.  Hhhhhhdhd d she d ddd. D. Grudge she hud x end end she us due due d r she d she d hdhdhdhd d she d d Sherrods d Hdhdhdhd d sure did he d shake she she d heheh d rush dbd she d she d she dbd dr she d she d dhdhdhd dbd be he ddbd dhdbdvdhd she d dbd bhd d ddbbdhdbdbdbd d. D derided d d db dbd d dbd dudjddhj h h h h. H h h hh h h. H h h h h. H h ,,,2026-03-17 20:14:20+00,2026-03-17 20:14:20+00
eca49f1e-d25c-418e-a0ae-e95f0115e857,a2848a08-8147-4cac-acb5-a39f0f7538df,Thinking about this airplane mode.,,,2026-03-17 20:11:16+00,2026-03-17 20:11:36+00
39b9305b-70fb-4ce9-be6d-8103c54ce5a9,a2848a08-8147-4cac-acb5-a39f0f7538df,"Hello, hello. Just checking to make sure this works. Thanks.",,a2848a08-8147-4cac-acb5-a39f0f7538df/moment_DF204EED-8C25-4717-A638-002E31F991BD.m4a,2026-03-17 20:07:14+00,2026-03-17 20:07:14+00
de3e3b7f-18eb-4ee6-b33e-ed2a1428504b,a2848a08-8147-4cac-acb5-a39f0f7538df,"[MUSIC] Because they want you me and I was You know, I'm good. I mean Tata seeing you know, you know your little part, but it's cool. We go off it. We fixed out of Now they go to the top of that shirt I thought the comments. Oh, are you we? That's cool. The fuck you thought it show How y'all feel about how y'all feel about what's going on in the scene right now? But they playing fives a lot of threes. I mean it's been someone's but I Really feeling all this father on father 3v3 shit, bro. I'm trying to see some niggas get active, bro Like real shit I mean it's been some cool game. I'm ready for the reviews, bro Now I'm gonna keep it a hundred I'm not the five though because like this is a 101 scene So like niggas want to see niggas go 101 isolation go at each other 5 or 5 Like some of these plays not 4 or 5 players, so now I'm looking at the 5 or 5 They're exposing me so I'm gonna keep it up. I might go say no name for so many stickers Look at the father-faw. I'm like, let's look at shit Who do you think who you think ain't look good out there? You know nobody like that bro you you've never been like they don't change I'm gonna say name they could get close to the cry but this ain't they don't but this ain't what they do bro They play one on one bro five on five and what they do so say say I think it ain't bro I I couldn't really get into the fives like that either, bro, because it's just, it's a certain way to play fives But you guys have a certain level of IQ out there and shit some of them they just know how to get a bucket So I couldn't really tap into that shit. How you felt about it, Archie? I know you probably watched it Yeah, I think I think what they trying to do because the the scene started based off park runs and running fives So I think they trying to get a little bit of that feel back But it's not the same because I'll let it jam. That's the first thing the second thing I just think it ain't the five thing bad, but it could be better if they actual big name Because they don't really they're not even really want to pick a rose and run And his I thought it and you know like you need actual big man for this is all garbage So I think that kind of take away from it, but I don't I don't dislike the idea I just think they need to incorporate for beaks and they think yeah They gonna do the five they need to play them all the time I think some of them some of them players and got so used to playing ones that they like You're stuck in ones bro. Play out there playing five still playing ones. I'm like, man, yeah. This is not how files work. [LAUGHS] No, different ball game. I do agree with D-Lam, though. You can't see the guys who do have IQ. Like, I feel I'm making play, but some of them-- Yeah, like Zokia play, I think-- I think play. Even your man said, I don't really fuck with ball. He made some good play. Yeah, you can tell he know how to play, though. He know how to change it up. - Body, body makes winning plays. Even, yeah, like, body, I like people that know how to make little winning play 'cause, you know, five and five ain't about trying to cook your mandatory time. Sometimes you gotta swing, sometimes you gotta cut. Sometimes you gotta get an extra rebound. It's a little different. - I like the way, boy. - I like Malik. I like Malik out there too. Malik was picking the gun, picking God's Up, full court, biggest shot. - Yeah. - So, I like Malik as a all around player too. I like him too. - Yeah, that's a fact. - But not yet. I guess as they keep playing the part get better, but I Wasn't really a fan of it to be honest right now. I don't feel about I don't feel about I seen Zoh had a tough game who do you lose to? I don't know his name Sure was great, but the nigga was making everything though Right now I know who's not pushing, no who's your archie. The nigga be through shot there, but he was making everything. Make every time shot, he was making everything. And then he blocked the nigga's old shot twice back to back. I'm like damn zone. So do you think, do you think, do you think he a real like, he hear the stay or you think he had a good game? 'Cause you know. Nah, he had to stay. Nah, he had to stay. I see him in our next chapter a little bit. He had some flashes here and there. So I know his body will work. (coughs) But I got a lot of blood. He's a guy. He cool. I can't Yeah, and then one of one scene right now, we think we've got been Tag lover We got a bit. I think him and deep off the good game. Yeah, that's a good match of actual. Yeah, I like deep on I like deep on. Yeah, I like deep on. Tag lover can guard though. You're the defender. Uh, I like deep on him and deep on actually be a good match of to be honest. I can never really. It really would. I like deep on that. I feel like Doomside with games be no shit when that's like that's like up his alley bro He should be playing D-Bones and Todd lovers and them like that's that's where he fits in it He could smack them niggas. You know what I'm saying? That's more that's more fitting Yeah, I want to see it on the party Who in that category would you would you name is like the top dog would it be be no? Yeah Like Even a wani wani kind of with them to like a wani Yeah It's Bruce's with them so Bruce would be the top dog. I Mean play one But can't can't top go Can you think can't bear the rules here? No I mean here, but Bruce got a lot of problems. It's not now keep it tough Who you put be John with cuz he tough is he like with knives in them? Oh, they're so dem- Ah! You don't think you can ask anything?",,a2848a08-8147-4cac-acb5-a39f0f7538df/moment_D9D912B8-B006-4348-BB68-33B98C967F9D.m4a,2026-03-17 20:04:12+00,2026-03-17 20:04:12+00
df609931-8c00-4453-9ff1-b2b26406a3b5,a2848a08-8147-4cac-acb5-a39f0f7538df,verifying that offline capture sync takes place while airplane mode is one,,,2026-03-17 19:29:44+00,2026-03-17 19:30:01+00
f7798944-aa9c-4e89-804b-d00152e8e3c4,a2848a08-8147-4cac-acb5-a39f0f7538df,I'm checking to make sure that that listen to audio is not here.,,a2848a08-8147-4cac-acb5-a39f0f7538df/moment_0C85C06A-B8D3-4DA8-8059-4C6E97BF8A7A.m4a,2026-03-17 19:28:21+00,2026-03-17 19:28:21+00
2f27b6f5-62f5-4862-9c66-de0e4cdb4980,a2848a08-8147-4cac-acb5-a39f0f7538df,"Man, I'm looking forward to building this out all the way.",,a2848a08-8147-4cac-acb5-a39f0f7538df/moment_5B8120D2-722F-4B0D-BA71-A138F2098C67.m4a,2026-03-17 19:20:05+00,2026-03-17 19:20:05+00
b5144aa5-058f-43fb-abe7-31d1eefb8f7e,43601b86-a80e-4e60-83b9-d22cb0723b5f,"Hey, hey, I'm just trying to make sure this is all good and it works. Make sure it works well.",,,2026-03-17 15:34:16+00,2026-03-17 15:34:16+00
770c3424-2835-4565-8502-4b43d734fb97,43601b86-a80e-4e60-83b9-d22cb0723b5f,I'm checking to see if this works offline or if it's just an online issue or what. We'll see.,,,2026-03-17 15:15:02+00,2026-03-17 15:15:08+00
b3d29917-b858-4173-926e-728c2776b365,43601b86-a80e-4e60-83b9-d22cb0723b5f,"Good morning. I had multiple dreams last night. One of them, I was a kid. And I was a scapegoat, something. I went into this bathroom and I jumped up, threw the sly into the heart, something came by Dale. This is a common dream because I've had something similar where I'm like in this residential closet in the corner of the closet. There's a pocket up there that I can like slip through to escape to head outside of the house. I'd say head back in. It's like homelone. Another dream. Me and the Sean were playing God of War. God of War. He had disability where you can like to look at Nises with rocks and also with steel or metal. And then there was this other part in the game where this scary dude was... I was terrified so it was like, it was like, I got to skip this part of the game otherwise it would freak me out. The villain is big, strong, creepy looking. (sighing)",,43601b86-a80e-4e60-83b9-d22cb0723b5f/moment_64F658EB-BBEB-4940-BB9C-09DA45C04A3D.m4a,2026-03-17 13:09:51+00,2026-03-17 13:09:51+00
e9b09ba0-559b-4f33-bde7-1b1df496eb53,43601b86-a80e-4e60-83b9-d22cb0723b5f,TesThe in if this works. ,,,2026-03-17 02:46:06+00,2026-03-17 02:46:06+00
976994c3-c56b-4ad5-8775-ba6cba507c2a,43601b86-a80e-4e60-83b9-d22cb0723b5f,I'm just making sure this works.,,43601b86-a80e-4e60-83b9-d22cb0723b5f/moment_65D14D5E-A450-4E90-BEC0-AEB03CD15BB0.m4a,2026-03-17 02:39:38+00,2026-03-17 02:39:38+00
751c45df-a35a-49b1-a818-c3f45e8269df,43601b86-a80e-4e60-83b9-d22cb0723b5f,making sure it works.,,43601b86-a80e-4e60-83b9-d22cb0723b5f/moment_1AA3BBE2-CCB6-40B6-9C9F-D7D9523C5D3C.m4a,2026-03-17 02:36:24+00,2026-03-17 02:36:24+00
0de1b886-2b48-45f0-9850-288ce91b2a4b,43601b86-a80e-4e60-83b9-d22cb0723b5f,"Hey, my check, my check. I'm just testing if this works.",,43601b86-a80e-4e60-83b9-d22cb0723b5f/moment_705CC638-FDA4-41A8-95D3-766F4F3BA658.m4a,2026-03-17 02:30:02+00,2026-03-17 02:30:02+00
40439dec-3b1d-4b05-acdd-c246c7b40c1f,43601b86-a80e-4e60-83b9-d22cb0723b5f,"Yo yo yo, check and check and check and if this works works works.",,,2026-03-17 02:24:18+00,2026-03-17 02:24:18+00
bd66b3a4-3f57-4a21-96cd-82d76535ac17,43601b86-a80e-4e60-83b9-d22cb0723b5f,"Hello, hello, I'm testing if this works.",,moments-audio/sign-urls,2026-03-17 02:22:58+00,2026-03-17 02:22:58+00
3af16894-8744-4932-952d-a49fade1bcf2,43601b86-a80e-4e60-83b9-d22cb0723b5f,"Yoyoyoyo, my check, my check.",,,2026-03-17 02:20:46+00,2026-03-17 02:20:46+00
41626cf6-70c2-40c5-a759-fc1b49b444c5,43601b86-a80e-4e60-83b9-d22cb0723b5f,"Mike check, Mike check.",,https://lhcjobrtmbawlhjyodxz.supabase.co/storage/v1/object/public/moments-audio/43601b86-a80e-4e60-83b9-d22cb0723b5f/moment_BBD3DE85-9D12-493C-830A-D2CD798C8794.m4a,2026-03-17 02:09:22+00,2026-03-17 02:09:22+00
77c1a3e7-5e32-4529-bd64-247f263d62d7,43601b86-a80e-4e60-83b9-d22cb0723b5f,"No, I'm hungry.",,,2026-03-17 01:56:53+00,2026-03-17 01:56:53+00
376345b4-10f2-4822-bcbb-3fb9ce61701d,43601b86-a80e-4e60-83b9-d22cb0723b5f,Man or man this food is good.,,,2026-03-17 01:54:22+00,2026-03-17 01:54:22+00
f6b43d63-de39-4c2b-b6d5-1563d41f5fcd,43601b86-a80e-4e60-83b9-d22cb0723b5f,"Man, I'm mad. This food is really good.",,,2026-03-17 01:53:36+00,2026-03-17 01:53:36+00
d78ccfdc-4eb1-4971-988e-909706b57659,43601b86-a80e-4e60-83b9-d22cb0723b5f,"Mike check, just checking if this works.",,,2026-03-17 01:39:16+00,2026-03-17 01:39:16+00
d21a9d8f-4f8a-4fe1-8402-60791b92b42c,43601b86-a80e-4e60-83b9-d22cb0723b5f,"My check, my check, I'm just checking this mic real quick.",,,2026-03-17 01:31:32+00,2026-03-17 01:31:32+00
a5eba847-d7cb-4931-83e8-28cbea35baec,43601b86-a80e-4e60-83b9-d22cb0723b5f,This is me verifying some issues.,,,2026-03-17 01:20:58+00,2026-03-17 01:20:58+00
a6bf00d7-10e6-40ff-afbb-da75cee7f151,43601b86-a80e-4e60-83b9-d22cb0723b5f,This is me recording another moment.,,,2026-03-17 01:15:58+00,2026-03-17 01:15:58+00
410f0bb0-33c3-488e-8fd5-f9b49eba07c2,43601b86-a80e-4e60-83b9-d22cb0723b5f,"You know, my check, my check, and then you got the my check,",,,2026-03-17 00:42:20+00,2026-03-17 00:42:20+00
2e7d9a6c-6e0c-475f-b55c-f51c66aeceba,43601b86-a80e-4e60-83b9-d22cb0723b5f,Testing a new moment to ensure that the audio file is being saved.,,,2026-03-16 22:51:18+00,2026-03-16 22:51:18+00
5a01eb27-248e-4c9c-8b7f-ba1bd59ddda5,43601b86-a80e-4e60-83b9-d22cb0723b5f,"My name is Kale. I'm fresh, cool young, little, trying to catch his microphone. Check two and two.",,,2026-03-16 22:42:46+00,2026-03-16 22:42:46+00
0074c01c-c87f-480e-b3a5-7b75403a27e1,43601b86-a80e-4e60-83b9-d22cb0723b5f,my check my check my check you,,,2026-03-16 22:42:05+00,2026-03-16 22:42:05+00
b62dcff8-ede6-4728-983b-69003a52bee4,43601b86-a80e-4e60-83b9-d22cb0723b5f,"Yeah, I'm just currently just navigating a lot of pain at the moment. The 1st thing that comes to mind is just, Why won't the Lord just, Encounter me in a very perceptible way? I've seen him do this for my grandfather, for my friends, my spiritual dad, other people, but not me, in a way that I can commune with him. And it's like, my heart needs to be, I need to, I need to be embraced by him. And I'm reading the word and all I'm reading is just people, other people's testimonies. of being comforted. Yes, there are many moments where they're, they feel alone, but also many more moments where they feel comforted and tangibly, uh, uh, and they tangibly experience him. But what about me? What about me? Like, why is it that it's not happening for me? You know? And that's, like, challenging me and its impact in every area of my life because I feel like, I'm just navigating a lot of grief. Like, am I just not doing enough of something? Am I doing too much of something? Am I not doing the right thing? Why not me? Am I one of the ones that the Lord just doesn't do it for? And then people say, Oh, get comfort in the word of God. What the word of God says, pursue deep intimacy like this. And I'm doing it and it's not taking place. I cannot just get comforted with just texts. I need to get comforted with the power of those texts. So I'm just really struggling. I'm really, really struggling. Um... And so, I'm navigating that, and then navigating the fact that, like with Juanita, she, I'm like, I'm thinking about, like, man, what if I were to see her again, and she's just in a better space? You know, she's, you know, she just looked, like, Juanita was fine, but, like, you know, she she gets the ideal life that she wants and she's healthier, emotionally, spiritually, physically. And then I see her with someone else, that breaks my fucking heart. Because it's like, man, that's that was supposed to been us. That's what I was shooting for, like, just for just for a better space. And to just see that she's with someone else, like, uh, just it would hurt, man. That would hurt. And I know, and I know, and I know, like, at the end of the day, me and Juanita was not the right fit for me, and at the end of the day, I wanted more than what I wanted more than anything, was just a woman that respected me, and I needed to deny it, man. She didn't honor me, no respect me. I think she really wanted to, but I just feel like she just didn't have it. She didn't have it. And that just, that hurts. I feel even more rejected. Like, what's wrong with me again? Why won't you just respect me? Right? I want the Lord just encounter me. Why won't she disrespect me? And then finally got also one of my best friends. We were both waiting into marriage for sex. And it turns out that he actually lost his virginity years ago. And never told me, and it hurts because we both had aspirations of, like, waiting to marriage, having that in marriage, and then discussing that together and just, just to know, like, he already did it. It just, oh, it hurt it. And I'm like, fuck. You know? So. Yeah, it's just a challenge. It's a challenge, man.",,,2026-03-16 17:57:26+00,2026-03-16 17:57:26+00
3223afde-85a1-40ed-8a70-fe2587504ba2,43601b86-a80e-4e60-83b9-d22cb0723b5f,"Man, oh man. I am feeling overwhelmed with grief in this moment. Thinking about the rodeo, thinking about Juanita, thinking about what if I see her, what if, 'cause a lot of times, like I would feel incredibly regretful, is when I will see that she, Ooh, ooh, ooh. Ooh. I would see that... She is... She's in a better space, better play as she is. Finally, quote unquote, ""everything that I've... That she promised, or that she wanted to be for me, for someone else, like the ""that, ooh."" physically, spiritually, emotionally, socially, relationally like it Oh, it like really Oh my god, it just like fucks it just really fucks me up So I just started I just had a moment like what if I were to see her and she's like glowing and and then at the thing like, that's cool, but like, she's a different person. You know, I think she has, that's not who she is or what she was with you. She was, she was really me. So yes, she has all these great, great things. We talked about that in therapy. Like yes, she may be someone different because she doesn't have to deal with her stuff with me. With someone else, she doesn't have to navigate that. She could start over. She could be someone new. So she doesn't have to really like, learn and process all that stuff. And this is she does, but she probably does, and then she's on the other side of that. Kudos to her. But it's less likely that that's the case, because she made it clear that that's not-- She doesn't see anything wrong. And whether she is or she is not, that's not who she was with you. And you deserve someone much more better than I. At the end of the day, you want someone that's kind. No matter how fine they are, no matter how great everything else is, if they're not kind to KJ, then it doesn't matter. None of that stuff matters. None of it matters. Yeah. Unfortunately, you didn't get that happy ending there. You didn't get the beautiful story where both parties grow separately and come back together and get married and have a family. That's exactly what I wanted. And I believe it was God's will. It's just only one person wanted it. (laughs) We're sorry, only one person was fighting for it. So. ",,,2026-03-16 16:13:40+00,2026-03-16 16:13:40+00
cca22806-8785-4ae9-ab7a-ce72ec1062e8,43601b86-a80e-4e60-83b9-d22cb0723b5f,"Good morning. All right, dream number one. I feel like I was in a video game. That was like Hogwarts. It was cold. It was cold. It was cold Black Clover type of game the whist was there But outside what else Also the Yeah, TNC match, I was playing the gentleman that beat that beat, um, it's for guys named, the young, the young, small Garf Mendiana, I was playing him and that I was being on like 12 or something like that. And then a person interrupt the game and I gave the referee the ball back to a posit and they were like, oh, it's a turnover. Now they're like, what? Now I don't turn over what we're doing. And it wouldn't give me the ball back. I was either, I said, I'm done. No, you ain't about to cheat me. And so, end up leaving. And so yeah, a fourth-foot game. And then I end up seeing Friga. We ended up catching up. It was as if I knew Friga. I got his phone number and everything. He was texting stuff. I was like, ""Yeah, no Friga. We talked stuff."" And I'm like, ""What? I don't know Friga. I don't know of the young man. So it was really weird that I was working up but in the dream it was like, yeah, that's my dog. And I knew Tay is way under all of them. But I was going there because I was trying to talk about hoop streams. But then it's funny because they were originally outside, we were outside for a moment. And other he was working up his the bees and they were like doing some type of prize. So as the game finished between me and the gentlemen I'll go outside and then they got this like this these trash bags full of different gifts and they got to go dive dumpster diving for sure for like prizes and it's a long line of guys and And it was also at a summer camp with kids. So interesting. Anyway, so go from like this building, facility to this trash bag stuff. And then I ended up talking to Tay and I, Frega and I, so I was just catching up. And then from there I ended up, it's like, I don't know, it's just, I've had a wife. We were about to leave. So we ended up getting our items. And then the entire building facility was on a boat randomly. And it didn't connect the dots that in this dream, in this moment, we were outside and grass and stuff and then now we're on a boat. So we're, so it starts to like tumble and swirl and there's a storm and eventually we land. It was as if it was a rollercoaster or a water rollercoaster. We were just laying a bunch of water, but no one to my knowledge remember what was heard. So we ended up getting off the boat, rushing off the boat, we ended up in like Italy or some type of like European place. Germany or something, maybe yeah, so we ended up getting off. Me and my lady, yeah, for some reason I found my lady like in this I opened this door and that's what I noticed was the ocean. I was like what the fuck is that and I see her So I grabbed her we get off the fucking facility boat and then From there Like trying to figure what's going on so we're walking We found sort of shit and then it was like a hell breaks loose and then But then now I had a kid. So it was my wife and my kid, they scatter and I told him I guess I pretty much just should I be back because someone stole my wallet my phone and I'm looking at the dude so I grab him and I Love you my stuff. You will give me so I just Flip them and I think I could kill them Yeah, I get my stuff I grabbed my stuff and I was like damn I did not I wasn't trying to hurt I mean just took my shit. What do I do? And then this dude freaking The dude from Got his name (clippers buzzing) ♪ You knew it was hard I hear for my parents ♪ ♪ They do try not make the money for the rent ♪ So he drives up and I don't know where this runs over the dude that passes. And it was weird, he was like some type of like He appeared, boo-doo-ee. And he's trying to like, talk to me. He was like, ""I appreciate you man. ""I got a bunch of men."" You know, trying to like, de-escalate shit 'cause I don't know what he's on. So anyway, he goes and does his own thing. I grab my wallet, my phone, trying to find my family. I ended up moving on. And from there, I move on to see what's going on out where it is like this is a danger outside. And then the voodoo was like, ""Be careful man."" It's all right, praise God. And then I guess he was out here passing out like these wristband things. And I'm like, in my mind, I'm thinking, ""Are these tracking devices?"" case of the bad happens. I didn't know that I'm a follower of Christ I'm doing that stuff because even on the boat I started speaking in tongues so I don't do all that I'm cool I got enough covering with him so I'm going to look for my family I think I ain't no fun and I'm in that fucking door I ended up in a school and now I'm no longer an adult I'm a kid and so I like hear a lot of noise screaming and I'm like there's there's a freaking monster or something like something going on and then I go outside I see this big ass dude with anthropomorphic creature and I say oh fuck so now for some reason I'm a kid and I rush and I'm running running and I start running through the ceiling because the ceiling had these cardboard square tiles that were easily removable and I just kept going up and up and up and I’ve had moments like that. I feel like I’m being chased by something just like keep going up just out of like straight desperation like please get away from me and eventually the damn thing is close and I get to this elevator from that elevator go to the next level in the elevator, which is only like 3 feet above that and which is not that far from the thing still I was like damn it was if I could see myself outside myself in my dream, I’m looking above myself and then I wake up",,,2026-03-16 14:01:04+00,2026-03-16 14:01:04+00
c5f398af-473f-430a-8ffd-802a4fb869f4,43601b86-a80e-4e60-83b9-d22cb0723b5f,"I've been thinking deeply about a couple of things. As of now, I've been struggling with my mind. I feel like I have a lot. I've been navigating a lot of brain fog, forgetting the spelling of some words and forgetting the articulation of certain words. I don't know if it's even a matter of forgetting, but rather second guessing, severely out of fear being judged if I pronounce something incorrectly or the fear of being judged if I misuse a particular term or misappropriate it, you know, so it's a lot of that. I'm not in that lack of confidence. And it come, part of it comes from what, like my relationship with my need, I really question my competence and knowing myself. Question my motive, I do it actually like or not, like am I being a good guy or not. I also question, like if I was wrong for leaving or right for staying, That was the biggest thing I was struggling with. Like, what would happen if I leave, what I'd be able to survive this? And I feel like it has deep, deep-plenished my ability to think for myself. And then with my manager Nazarene struggled, I struggled with my ability to know if I'm... Because she would second guess, like the way that she would ask questions regarding my competence and certain things, I would really question like, am I really a good product manager? Am I actually doing this right way or not? So find myself just really struggling with my confidence. And I think there's this undertone of, I need to be perfect. And if I'm not perfect, I'm actually not intelligent. So, yes, it's a challenge. And in a day, then I'm wonderfully, fearful, made. I have the mind of Christ. I've been blessed with all spiritual blessing. And it's the spirit of blessing to endure the fruit of my toil, so I've been given gifts, mighty, mighty in value of gifts to do great things. And so no, I don't know everything, and there are things I need to, I would want to continue to grow in. It doesn't replenish what I know now, and my confidence in myself. And Jesus, amen.",,,2026-03-16 03:39:13+00,2026-03-16 03:39:13+00
b8dde171-e5b7-40b7-a958-fe1bc781c48e,43601b86-a80e-4e60-83b9-d22cb0723b5f,Good evening.,,,2026-03-15 16:52:22+00,2026-03-15 16:52:22+00
c8d86a6a-9a40-4f6a-82b1-e1f99aa7d373,43601b86-a80e-4e60-83b9-d22cb0723b5f,"Good morning. Okay, we had so many dreams last night. The one that comes to mind. Yeah, I was like talking to a school. I was talking to Bruce, and I was asking Bruce, like, ""Hey, it's the school box."" And he was like, ""Yeah, he was like 17 and oh, or 17 or one."" He wanted to go to the Globes and everything. I was like, ""Yo, you need to register his hands. You can go to jail for batter or solve for worse."" And so hopefully, hopefully that reaches him in my dream. Another one was... Jesus. Oh, what was about Jesus? And so Jesus' brother Satan definitely not his brother, but the death of someone that he loved. I don't know what that was about. I think we did it was taking two just the The intimacy amongst heaven, like all of heaven knows each other. And there are people that laugh. Good point. Another thing was I can't find it to be a part of this play. And I remember, I was like, but I don't know if I said nowhere, but like, but I was like, ""Damn, Mr. 1230, and I still out there."" Discussion is play. There was a woman that was signing. She was deaf. Another woman. I spoke verbally transcribing what was being signed.",,,2026-03-15 15:56:42+00,2026-03-15 15:56:42+00
1e08d887-8422-4794-a5ef-2295e9cac606,43601b86-a80e-4e60-83b9-d22cb0723b5f,"(coughing) Currently, thinking about what I need to and thinking about just the challenges of what you're thinking about, why is it so difficult to kill the dream permanently and Most of them I'm pretty sad, I don't think about it. It's more like anger and bitterness and front, not bitterness, yeah bitterness and frustration, disappointment and regret and just, you know, I'm all self, but you know, as I'm trying to rest, I'm thinking about just, how things should have been or how wish things could have been. And it just like I tell my smakes, we wanna cry. Good is heart and it's really hard. It's like a child. It's like if your father, it's someone says, hey man, just go find the other kid. Just make another kid, brother. It's like, I got my other, my other, the child is over there. I have to get that child. Yeah, you know, so for me, it's like, I feel like my heart, like Juanita. It's like the bond that we shared, the moments we shared, 'cause I like attached, really strongly to people. And with Juanita, I was attached to her the strongest. This strongest. And it just like just do a fuck me up. Just the idea of like no one like. I think it's I've done the soul ties and shit like that but... And maybe it spiritually is done for, but like emotionally I still feel it. I still feel it. This is the most I've thought about why I need it in like five months. Could this been nine months now? It'd be nine months in a couple weeks. So it's been like, actually it's probably been eight months since I've like felt this way. But yeah, I'm really struggling. Then I was just then maybe this is the Lord, the God moment. But then I feel like I'm just hearing and trying to like what if... and what I need is mine. So I I think I also think about the sadness that she may have felt from the loss of this relationship. I'm even thinking about it now. And it's like... And I just feel like I feel like I'm like... Sensing the Lord... Stoughts of like, ""What if I'm one eaters mine?"" There were three versions of your God's story. And only your one version matched up with hers. The three versions could have been, or could have been, Kal and I, are amazing together and we're meant to be together. And I meant to be the person to look after him and to grow old with him and be patient and be humble and accountable. And then the other one is, fuck that nigga, be his my enemy. I can find another one easily. And then the third is indifferent. You know, like, it's cool, but I'm chilling. It's like, what if all those versions, those other additional versions, it's what made it so easily, easy for her to be so on high and low for another moment. Like, who was this motherfucker? Thank you doing it. Yeah, you know, like, but for you guys like so Yeah, man, I Love there With all my soul man. I Wanted like grow tired of that dreams, but you know So it's just really hard to let go of of, well, in this moment how I feel. But I think seeing that it the opening of shorty from yet, you know, yesterday, like really kind of triggered me to think about what I need to. But I think this is a good, day-to-day process. But oh, yeah. ",,,2026-03-15 07:21:07+00,2026-03-15 07:21:07+00
5ef17f6d-03d8-4b32-be22-291f218a06eb,43601b86-a80e-4e60-83b9-d22cb0723b5f,"lines are the top 1%, but I think there's a lot of left and right when it comes into it, especially when you look at the industry that it plays into, whether it's oil or oil.",,,2026-03-15 05:22:01+00,2026-03-15 05:22:01+00
011d57fd-74f7-4516-a09e-ec6f03d19616,43601b86-a80e-4e60-83b9-d22cb0723b5f,"Actually, the top 1% of that 1% those billionaires who run this economy and run this country. Let's just take an example of the big ugly bill that passed a few months ago in Washington. It gave $3 trillion in tax cuts to the wealthiest Americans. Just guess what the average billionaire is going to get in terms of tax cuts from that bill. I'm not sure. $110,000. Again, our money, our tax dollars are going to those billionaires who don't need it. Guess what we're going to get? Regular people. What we're going to get from that bill? Not sure. A little over a thousand dollars. Okay. Yeah. To me that feels a lot of unfair. And it prevents all of us from being able to start that new business and from being able to grow the economy. It keeps us from being able to support our families and make sure that our kids are successful in school and in college and in the workforce. That is how this rigged system prevents us from achieving our potential as a country. All right pause. We've been loaded out with majority. Great job. Hi.",,,2026-03-15 05:18:47+00,2026-03-15 05:18:47+00
38ce2ff8-41e3-48d3-b0a5-f3f2b99e4872,43601b86-a80e-4e60-83b9-d22cb0723b5f,My chick. My chick.,,,2026-03-15 05:16:36+00,2026-03-15 05:16:36+00
2eb9e4bc-f02e-46a0-9ca8-a770ef53898d,43601b86-a80e-4e60-83b9-d22cb0723b5f,"influence in our political conversation, in our economy, and it crowds out the rest of us. Those who are working class in the class of Texans, and I want to try to write that in balance. I think what you've seen in this country for the last 50 years is an economy that used to work for most people, transform into one that only works for the Uber wealthy. The richest 1% in this country now owns more wealth than the entire middle class. Three dudes, Elon Musk, Mark Zuckerberg, and Jeff basis now own more wealth than 165 million Americans combined and they're using that wealth to corrupt our political system. These are not the rich people of old. They're not buying the odds and jets only. They're now buying power. I mean think about all the debates in our politics. Our schools are being defunded so those billionaires can get into the tax break. Our healthcare premiums are about to go up because those billionaires want to their tax break. And then our social security, our Medicare benefits are constantly under threat because those billionaires won't get another tax break. So I'm advocating that we limit their power.",,,2026-03-15 05:12:41+00,2026-03-15 05:12:41+00
2d191429-07df-4dfa-bcef-1e5aa60ecdd7,43601b86-a80e-4e60-83b9-d22cb0723b5f,"I would tell that, no, and I think just the opposite. I think I was the very, we were talking earlier, I'm not sure if you were in the room or not, but about, will you were talking about how, you regretted the 52nd state, and that's right, would be the economy and the biotechnology that they have in Missouri, the state of Missouri, you know, St. Louis, Rala, Kansas, it's huge in biotech. And I'm excited to get over there and get, you know, have opportunity to get things going. I don't know, I don't know. People, I was an auctionaire real estate broker, sale was mine. And I enjoyed people. I just did. And if you go over the house and check through the Democrats, you're still there. If it was there when I was there, I didn't have any friends on the Democrats side. They always like to do you. I'm over time, but I'm just really glad to hear that you've not been given any, you know, warning or instruction or expression of concern from the administration that I said was a problem.",,,2026-03-15 04:52:22+00,2026-03-15 04:52:27+00
6c4aca50-6bb3-4615-ba3f-e84d9c07cd9c,43601b86-a80e-4e60-83b9-d22cb0723b5f,"He was already, you have to like, everyone is trying to cover up what is his name. - Reclining my time. - I'm gonna answer this question. - Reclining my time. - He's Mr. Chairman. - He's a chairman of this work. - Can I have my time? - He was, he was. - Mr. Chairman, the gentleman can give her answer. The time belongs to the gentleman. - All right, I'm reclaiming my time. - I'm reclaiming my answer. - So, I'm gonna put the language of the bill up on the screen. - Chair, is that how you might answer that? - If here's the political stuff. - And I need to give my answer. - Yeah, but look, let the, The attorney general responded and the gentleman can move to him. - It's my time. - You asked me to watch this. - It's my time. (laughing) - Blackster's name was added back then. - They're 40 minutes of recapturing you ran handed. - Right here. There was one reduction. - Where he's raised to this, there's a focus for you. - And we invited you in. - What? - And we, and this guy has trucked arrangement syndrome. He needs to get your a pamphlet. - See, that's that bullshit right there.",,,2026-03-15 04:13:41+00,2026-03-15 04:14:24+00
89d83b2f-b740-4430-81b3-4e3360ad11eb,43601b86-a80e-4e60-83b9-d22cb0723b5f,GoJejejehebdbe Jehdhdhdhdhdhdhd Hdhdhdhd,,,2026-03-15 04:10:47+00,2026-03-15 04:11:10+00
391c974a-ee58-4d0f-9ca2-73e739642b29,43601b86-a80e-4e60-83b9-d22cb0723b5f,"to release it where he's listed as a co-conspirator, not to tax evasion, but to child sex trafficking, not to prostitution, not to money laundering, child",,,2026-03-15 04:10:24+00,2026-03-15 04:11:09+00
4f7ca629-cbe5-44ac-bd7c-a1db0dbe5c63,43601b86-a80e-4e60-83b9-d22cb0723b5f,"I'm not going to speculate. You couldn't even identify properly. That's why you don't want to talk about Irene Zoritska. You couldn't-- I-- I-- I-- I absolutely-- I-- I absolutely-- embarrassed-- have been-- and her family, by the way, appreciates all of the condolences, all of the help. Everything that our law enforcement in North Carolina has been doing to help her family-- her family feels well treated. Thank you, and I yielded. - That's all I yielded back. Tell them if California's recognized. - I'd ask the anonymous consent to enter into the record, and I'm going to go buy a former Attorney General William P. Bob.",,,2026-03-15 04:07:54+00,2026-03-15 04:08:07+00
89dbcb08-5019-479b-8f43-bfbfca4f4d8f,43601b86-a80e-4e60-83b9-d22cb0723b5f,"Hey, hey, Bob Clay, how you doing? I'm finally getting to your questions from November 9. This may be might be a message my apologies. When it comes to like, Milwauu Lord, this has been the best part, which is like, the Ya had a space. talk things out with others and an honorable way. So yeah, so here we go. All right. So the first question is, oh, maybe it does is more like a categorical question. How do you enjoy God?. When you say there is a connection between the struggle to know what I'm saying guy, and to trust him. Ourself and God can't be hindered to trust when our child and parent image is a big part of that h. There's a fear of our being alone without the challenging. These are not questions I am prepared to answer for you, but the questions for you to ponder. These are not questions I am prepared. I'm tired. So here's a backdrop for me actually I got asked this question last week. Here's the scenario. My buddy, he's considering given his life Jesus. He He believes that he's a sinner. He wants to put his faith in Jesus. What he's attracted to, though, also, is the personhood of Jesus, you know? Let's presume that this partner, this gentleman, has gone through a lot of, like, legalistic approaches to faith. And he likes the idea of Jesus being a real person. And so he says, he, like, I'll be willing to consider giving my life to Jesus, or at least be a bit close to that idea if I can meet with him. If I can get to know him as a person. and I donned the pl a part of me that was like, well, I don't really know how to answer that. I can't force changes to come down here to meet you. I can't have the father come down here to meet you. I can't have the Holy Spirit to meet you. Now, do they do those things for sure? But I can't force that. But he sings very sincere. And that's that's kind of where I'm not that dilemma of we talk about a God being so relational, but the only thing that Christians typically say to relate to him is through scripture. And the thing is they' typically misquoting scripture. We have a God that's relational, tangent, sorry, tangible, personal, but we we demonstrate him as being primarily, if not only theoretical, philosophical, or intellectual. So, typically, their response to my friend would be, you know, just go through the text, get comforted in the word of God, you know, just allow the word of God to meet you face to face so you can make a decision. But if he's saying, hey, like.. I just want to meet him. Why I wonder why that why is that response typically met with an If someone says, hey, I want to know him heart to heart, why is it typically met with an intellectual response? Because if it was Clay, let's say if I had a buddy who's heard a lot about you. He's like, man, and I know that you're someone that wants to meet more people, more gentlemen, right? And just, you know, hypothetically, right? You may be too busy. But let's say this person in the chair and that you're shopping for more brothers to invest in. And I. And I say, hey, man, like, how about this? I'm going to just tell you stories about them. About how great of a person he is. But I can't really introduce you to him because you know, he's too busy or whatever that may be, right? You probably you little broken hearted by a lot. You Come on, Kel, you know I can just chat with him for five ten minutes. But why is it that when it comes to guy You puts so in barriers. And I think it's, sorry, we put so many barriers to request, like, I want to meet them, I want to know, I want to feel his presence. We relegant always to the word. And I think it's different a control. Because if we say, Lord, you know, your word says that for two more gathere, you're in the mess and many of us that prayed that prayer with our friend, hoping that you would be there, that you your presence would be felt. That doesn't takes place. So the reconcile that that pain of pain, like, I thought he would come, we, well, you know, he was here, just, you know, intellectually. He was here intellectually, you know, like, we don't need to feel it. You just need to know it intellectually. It's like, okay. So then that becomes the new guy, right? When things don't, when we pray and things that work out according to the Word, we have to figure out a way to reconcile it and then we end up saying, you know what? He doesn't do those things. It's all intellectual. It's an intellectual ascent of of thyself. We don't need these emotionalistic experiences. We get comfort in our suffering for Christ, you know? and again, it's a half truth. It's not all of it. That's only part of it so um so that's the that's the backdrop to like how things have been, primarily to your question, how do you enjoy God? It's kind of hard to, because I know that there are three large claims that the Bible makes. One, that the God of Abraham or, you know, you know, the, you know, God is real. Two, like, God is a person. of in three, that person wants to be closed because the person is close. That's why one of the reasons why Jesus just died, not just for us to be freed from the wages of sin for us to have communion with the Holy Spirit, the Father and the Son. But what happens when someone has yet to experience all three of these assertions, so it's kind of hard for me to enjoy God most of the time. because I know that he's real. I know that he's a person. But I don't know if he's a personal to me. It'd be the same as me building a relationship, trying to build a relationship with the physical person. I've heard about you. I've even, like.. heard from you from other people. But I don't know you know you as a person. Yeah, you may have come to the parties at times or come over every once in a while. but most of the time I'm. I'm trying to engage with you, but there's no feedback loop. There's no responses. And I'm being forced to relegate that like a response as a moment to intellectually ascin emotionalism. while denying that emotion, like denying that having an emotional connection with the Lord is consequential to our faith. So, yeah, so I don't really know how to answer that first one. I guess I'm not enjoying it that much. I don't enjoy them that much. Most of the time. The only times I do is when people ask me questions about how I feel about them. That's where I feel a little bit more hopeful, because I guess I feel seen And so let me go to the other things that you share. Yeah, there's a connection between the struggle to know and understand God and trust them. Understand God and trust them. Yeah, I think that this is interesting because it kind of goes back to what I said before that if there's the Bible is relational and mechanical. If you do this, then this happens, right? Some say, no, it's not. No, that's not true. It is. You have not because you ask, not act and you shall receive. It's very conditional in many senses, but it's very relational over art, like from an overarch review, you know? So when it comes to the connection between the struggle to know and understand, that I can trust him, it's hard to trust someone. You don't know, and that's very, someone said it's inflammatory for me to say. It's I can't even look for the Lord since you were eight and XY and Z. It's like, for sure. So again, I'm not questioning my salvation. I question relationship. Because I started to recognize I don't know him when I said asking myself these questions. If I called, if I like wanted to have a dialogue with God, do I believe that he would respond? No. Now you know what I did say, though? If I were to have a dialogue with God, well, not dialogue, the dialogue deals with it's both parties. I am not sure, but I'm sorry, man. Good luck. Sorry about that. So when it comes to a dialogue, when it comes to a dialogue, it has to have a person that shares the message and a person that responds to vice vers. But if I were to be X, hey, man, if I were to say something. out loud, do I believe God will hear it? Absolutely. But do I believe he would respond? No. So when I said that, at the actress of are their relationships that I have with people, where if I were to say something with they actually respond? ""Oh, absolutely. All of my closest friends. So then I'm like, "" damn. If it was a syllogism. If all of my closest friends are people that respond to me. And if God does not respond to me, does that he's not a close friend. And that may sound really wild to say, but what other Framework do I use to decide that? 'Cause typically when it comes to individuals identifying people as either a wife or husband or friend or brother, it's usually involving some form of consent. It has to be like a it needs to be emotionally and intellectually honest. And so I can't say that God's a friend just because the Bible says he's a friend, right? I can't say that. That's something that has to be known and felt. I should say known, because known has to do with understood and felt. So I need to be known, understood and felt. I align with scripture. But I only align with it. primarily intellectually. So understood. but not felt. And continue to say, oh, God, is my friend, and God is my father, and God is this, and God is that. Continue to just articulate that. It feels very intellectually dishonest. It's one thing if I was making declaring things over my own life, like, I'm a son of God, that's a little bit more easier for me to do. Because the thing is, I know that I's just say I know. I understand that I'm a son. I understand. that I am a, um an Arab guy in a joint Arab of Jesus and you know,i over Christ and he of the blessing of Abraham, I understand that. I don't know that. I don't know that. um so I get really weirded out because if it was like people are forcing in a relationship upon me, just say Dean, this is your brother. Just say it, man. You don't need to like feel it. Just stop doing that. It feels like a forced relationship. And I am daily. asking the Lord to embrace me and counterment, because I am this time. I want to know what them. I don't just want to understand it intellectually. I want it to be felt. as well. So yeah, yeah, when it's when it's not long, but when it's not felt for me, it's hard to trust him. It's just like any other relationship. Like, I don't. I think the thing is that people misunderstand it about me. I'm not saying anything to know everything about God. There were just consequential truths that need to be understood and felt. And that involves adoption salvation. I think if you get the adoption for the salvation for comes a little bit more easier. But So yeah, that's a yeah, sorry But, um some random guy just tried to, I don't know what he was asking. But anyway, sorry. I'm walking outside, so late. It's not even that late. It's only 6 o'clock, but it's dark. Sorry anyway so it's hard to trust someone you don't know. And I guess I got to know someone. Like, I know my closest friends. even though I don't know everything about them, I don't know if three of you are going to be here tomorrow, but I have enough for four with them to be to say oh yeah yeah yeah those are my boys my brothers, but I can't. And the biggest part is because I can't dialogue. I try to dialogue dialogue with him, but he doesn't respond. And so I know that people typically would say, well, he's done. You know, God is not respond to He responds his own time. You can't force God new thing. You can't force God. That's such a defensive response. It's tacky to me, but you would also say that night people would also say, oh, but he's he's a loving God, but you can't force him to respond on your terms and I'm like, oh, my God. How do you expect someone to just be close to them then, if he doesn't respond? So, to me, when it comes to a welcome God, many questions articulated as as something that's like, you have to intellectually also, like dissuade yourself in common sense. and I'm like, you know, I'm nothing on. I can't do that. I'm lying. I was like, if I don't lie, then I'm not compliant. right? So yeah, I, yeah, it would be easier to trust him, knowing him, you know, given that I know him father as my dad, as opposed to just this person that is more like a taskmaster. You know, so this joint's getting long winded. Praise's got. There's a fear of me being alone without him challenging me.. Yeah, I feel like the fear, because it doesn't feel like a legit option to choose God. Right? So, what feels, it feels like a forced relationship. So, for example, it's like, God, he gives you the option. If you choose him, then you go to Paradise. But don't choose him, you or die. That's you're making a decision under duress, right? So kind of going back to the other thing I said, previously, like, it feels like if I don't force it, I don't just save my dad. Like, there's no, um, it feels like their relationship can't have organical. It feels like, if you don't, identify as either Christian or identify as a son, or if you don't just do those things as opposed to allowing the Lord to convince you of these things, then you're going to hell. You know what I mean? But that's also the God that's loving and kind and merciful and. And that's just, I'm primarily referring to how God is presented, and now he's defended. And I would be saying that I' based off of what you read, you know? But my struggles aren't South vivid parts of this. It's more about the relationship components. But let me get to the other one. I think that was the last one. I'll end it with this. One thing that I've been like last week I was talking to one of my co and friends, my oldest friend, and just rapping about like, like how it's been spiritually and I share with him, I like, bro, I feel like giving up on the board, man. I just walking away from the face. and we end up getting it's like a I hate discussion about it because I was just venting and so he was offended. And I would say, rightfully so, because it's like, when it comes to someone being your brother in ours and the Lord for years, and then you just say what you say, or say what I just said, then it becomes challenging to process it the fits of this is only the, you know, reli block, but but I was going to articulate, man, like, I'm just getting sick of people describing God as this relational person. But when I when I reached out to him in no response, it you can't it just I can't justify that he is relationable. but being told that I had to make that work is is like, it's like mine, excuse my life, but it's like mind fucker. Because when I, and I also said this, I was like, dude, like, what I'm looking for is attunement. Atonement. I don't feel sane by God. I don't feel known by God. I feel like the only times that feel somewhat seen is through these, like, abstract moments where you know, Kale, when the wind blew slightly left, that was God, like letting you know that it's okay. He loves you. Get the fuck out of here, bro. For me, I'm a plain person. Speak to me plainly. So when it's again, it goes back to this, like, if it's not clear, you got to mix some shit up. You have to reconcile it. So it can't be that God believe you and abandon you, so it has to be you. You have to be the issue. And so I'm just tired of being blamed. for something. Then I'm making placefully clear that I want to be with him, you know? so a tuman has to do with being seen by God, being known by God. But the thing is you to know that you're known. You know that you're seen. It's not something that you at the life. Like, makeup or it's not difficult to see. You know? Like Moses, I go back to the story many parts of the story, but the one is like when when he said, Lord, I won't go up this mountain if you're not going with me. I need to see your face. And got allow him to see his hind parts. And then Moses said, for now, I've seen God's compassion and grace. It's gracefulness. It was something that was missing. It's something that they didn't know about God. And I was like, part of that part was being a tune. He lacked something that was necessary for him to go deeper in his walk with God. And the same way, so am I. Moses says that to God and God responded 24 hours later. I've asked every single day since March of last year. At minimum four times, four times. to know God as a dad, to know him and to feel him, and to experience him, to be embraced by him. to remove whatever's blocking it. That's over 800 times. And I'm only calculating it to quantify my desperation, to qualify my earnestness, in my sincerity, you know what I'm saying? So I'm entering a New Year, January 1st. And it's still the same thing. So, but I did feel really good that you checked out that song and that you liked it. I listened to it every once in a while. I felt moved that you were moved, by, sure. So, but, yeah, I love you, man.

Hey, hey, Bob Clay, how you doing? I'm finally getting to your questions from November 9. This may be might be a message my apologies. When it comes to like, Milwauu Lord, this has been the best part, which is like, the Ya had a space. talk things out with others and an honorable way. So yeah, so here we go. All right. So the first question is, oh, maybe it does is more like a categorical question. How do you enjoy God?. When you say there is a connection between the struggle to know what I'm saying guy, and to trust him. Ourself and God can't be hindered to trust when our child and parent image is a big part of that h. There's a fear of our being alone without the challenging. These are not questions I am prepared to answer for you, but the questions for you to ponder. These are not questions I am prepared. I'm tired. So here's a backdrop for me actually I got asked this question last week. Here's the scenario. My buddy, he's considering given his life Jesus. He He believes that he's a sinner. He wants to put his faith in Jesus. What he's attracted to, though, also, is the personhood of Jesus, you know? Let's presume that this partner, this gentleman, has gone through a lot of, like, legalistic approaches to faith. And he likes the idea of Jesus being a real person. And so he says, he, like, I'll be willing to consider giving my life to Jesus, or at least be a bit close to that idea if I can meet with him. If I can get to know him as a person. and I donned the pl a part of me that was like, well, I don't really know how to answer that. I can't force changes to come down here to meet you. I can't have the father come down here to meet you. I can't have the Holy Spirit to meet you. Now, do they do those things for sure? But I can't force that. But he sings very sincere. And that's that's kind of where I'm not that dilemma of we talk about a God being so relational, but the only thing that Christians typically say to relate to him is through scripture. And the thing is they' typically misquoting scripture. We have a God that's relational, tangent, sorry, tangible, personal, but we we demonstrate him as being primarily, if not only theoretical, philosophical, or intellectual. So, typically, their response to my friend would be, you know, just go through the text, get comforted in the word of God, you know, just allow the word of God to meet you face to face so you can make a decision. But if he's saying, hey, like.. I just want to meet him. Why I wonder why that why is that response typically met with an If someone says, hey, I want to know him heart to heart, why is it typically met with an intellectual response? Because if it was Clay, let's say if I had a buddy who's heard a lot about you. He's like, man, and I know that you're someone that wants to meet more people, more gentlemen, right? And just, you know, hypothetically, right? You may be too busy. But let's say this person in the chair and that you're shopping for more brothers to invest in. And I. And I say, hey, man, like, how about this? I'm going to just tell you stories about them. About how great of a person he is. But I can't really introduce you to him because you know, he's too busy or whatever that may be, right? You probably you little broken hearted by a lot. You Come on, Kel, you know I can just chat with him for five ten minutes. But why is it that when it comes to guy You puts so in barriers. And I think it's, sorry, we put so many barriers to request, like, I want to meet them, I want to know, I want to feel his presence. We relegant always to the word. And I think it's different a control. Because if we say, Lord, you know, your word says that for two more gathere, you're in the mess and many of us that prayed that prayer with our friend, hoping that you would be there, that you your presence would be felt. That doesn't takes place. So the reconcile that that pain of pain, like, I thought he would come, we, well, you know, he was here, just, you know, intellectually. He was here intellectually, you know, like, we don't need to feel it. You just need to know it intellectually. It's like, okay. So then that becomes the new guy, right? When things don't, when we pray and things that work out according to the Word, we have to figure out a way to reconcile it and then we end up saying, you know what? He doesn't do those things. It's all intellectual. It's an intellectual ascent of of thyself. We don't need these emotionalistic experiences. We get comfort in our suffering for Christ, you know? and again, it's a half truth. It's not all of it. That's only part of it so um so that's the that's the backdrop to like how things have been, primarily to your question, how do you enjoy God? It's kind of hard to, because I know that there are three large claims that the Bible makes. One, that the God of Abraham or, you know, you know, the, you know, God is real. Two, like, God is a person. of in three, that person wants to be closed because the person is close. That's why one of the reasons why Jesus just died, not just for us to be freed from the wages of sin for us to have communion with the Holy Spirit, the Father and the Son. But what happens when someone has yet to experience all three of these assertions, so it's kind of hard for me to enjoy God most of the time. because I know that he's real. I know that he's a person. But I don't know if he's a personal to me. It'd be the same as me building a relationship, trying to build a relationship with the physical person. I've heard about you. I've even, like.. heard from you from other people. But I don't know you know you as a person. Yeah, you may have come to the parties at times or come over every once in a while. but most of the time I'm. I'm trying to engage with you, but there's no feedback loop. There's no responses. And I'm being forced to relegate that like a response as a moment to intellectually ascin emotionalism. while denying that emotion, like denying that having an emotional connection with the Lord is consequential to our faith. So, yeah, so I don't really know how to answer that first one. I guess I'm not enjoying it that much. I don't enjoy them that much. Most of the time. The only times I do is when people ask me questions about how I feel about them. That's where I feel a little bit more hopeful, because I guess I feel seen And so let me go to the other things that you share. Yeah, there's a connection between the struggle to know and understand God and trust them. Understand God and trust them. Yeah, I think that this is interesting because it kind of goes back to what I said before that if there's the Bible is relational and mechanical. If you do this, then this happens, right? Some say, no, it's not. No, that's not true. It is. You have not because you ask, not act and you shall receive. It's very conditional in many senses, but it's very relational over art, like from an overarch review, you know? So when it comes to the connection between the struggle to know and understand, that I can trust him, it's hard to trust someone. You don't know, and that's very, someone said it's inflammatory for me to say. It's I can't even look for the Lord since you were eight and XY and Z. It's like, for sure. So again, I'm not questioning my salvation. I question relationship. Because I started to recognize I don't know him when I said asking myself these questions. If I called, if I like wanted to have a dialogue with God, do I believe that he would respond? No. Now you know what I did say, though? If I were to have a dialogue with God, well, not dialogue, the dialogue deals with it's both parties. I am not sure, but I'm sorry, man. Good luck. Sorry about that. So when it comes to a dialogue, when it comes to a dialogue, it has to have a person that shares the message and a person that responds to vice vers. But if I were to be X, hey, man, if I were to say something. out loud, do I believe God will hear it? Absolutely. But do I believe he would respond? No. So when I said that, at the actress of are their relationships that I have with people, where if I were to say something with they actually respond? ""Oh, absolutely. All of my closest friends. So then I'm like, "" damn. If it was a syllogism. If all of my closest friends are people that respond to me. And if God does not respond to me, does that he's not a close friend. And that may sound really wild to say, but what other Framework do I use to decide that? 'Cause typically when it comes to individuals identifying people as either a wife or husband or friend or brother, it's usually involving some form of consent. It has to be like a it needs to be emotionally and intellectually honest. And so I can't say that God's a friend just because the Bible says he's a friend, right? I can't say that. That's something that has to be known and felt. I should say known, because known has to do with understood and felt. So I need to be known, understood and felt. I align with scripture. But I only align with it. primarily intellectually. So understood. but not felt. And continue to say, oh, God, is my friend, and God is my father, and God is this, and God is that. Continue to just articulate that. It feels very intellectually dishonest. It's one thing if I was making declaring things over my own life, like, I'm a son of God, that's a little bit more easier for me to do. Because the thing is, I know that I's just say I know. I understand that I'm a son. I understand. that I am a, um an Arab guy in a joint Arab of Jesus and you know,i over Christ and he of the blessing of Abraham, I understand that. I don't know that. I don't know that. um so I get really weirded out because if it was like people are forcing in a relationship upon me, just say Dean, this is your brother. Just say it, man. You don't need to like feel it. Just stop doing that. It feels like a forced relationship. And I am daily. asking the Lord to embrace me and counterment, because I am this time. I want to know what them. I don't just want to understand it intellectually. I want it to be felt. as well. So yeah, yeah, when it's when it's not long, but when it's not felt for me, it's hard to trust him. It's just like any other relationship. Like, I don't. I think the thing is that people misunderstand it about me. I'm not saying anything to know everything about God. There were just consequential truths that need to be understood and felt. And that involves adoption salvation. I think if you get the adoption for the salvation for comes a little bit more easier. But So yeah, that's a yeah, sorry But, um some random guy just tried to, I don't know what he was asking. But anyway, sorry. I'm walking outside, so late. It's not even that late. It's only 6 o'clock, but it's dark. Sorry anyway so it's hard to trust someone you don't know. And I guess I got to know someone. Like, I know my closest friends. even though I don't know everything about them, I don't know if three of you are going to be here tomorrow, but I have enough for four with them to be to say oh yeah yeah yeah those are my boys my brothers, but I can't. And the biggest part is because I can't dialogue. I try to dialogue dialogue with him, but he doesn't respond. And so I know that people typically would say, well, he's done. You know, God is not respond to He responds his own time. You can't force God new thing. You can't force God. That's such a defensive response. It's tacky to me, but you would also say that night people would also say, oh, but he's he's a loving God, but you can't force him to respond on your terms and I'm like, oh, my God. How do you expect someone to just be close to them then, if he doesn't respond? So, to me, when it comes to a welcome God, many questions articulated as as something that's like, you have to intellectually also, like dissuade yourself in common sense. and I'm like, you know, I'm nothing on. I can't do that. I'm lying. I was like, if I don't lie, then I'm not compliant. right? So yeah, I, yeah, it would be easier to trust him, knowing him, you know, given that I know him father as my dad, as opposed to just this person that is more like a taskmaster. You know, so this joint's getting long winded. Praise's got. There's a fear of me being alone without him challenging me.. Yeah, I feel like the fear, because it doesn't feel like a legit option to choose God. Right? So, what feels, it feels like a forced relationship. So, for example, it's like, God, he gives you the option. If you choose him, then you go to Paradise. But don't choose him, you or die. That's you're making a decision under duress, right? So kind of going back to the other thing I said, previously, like, it feels like if I don't force it, I don't just save my dad. Like, there's no, um, it feels like their relationship can't have organical. It feels like, if you don't, identify as either Christian or identify as a son, or if you don't just do those things as opposed to allowing the Lord to convince you of these things, then you're going to hell. You know what I mean? But that's also the God that's loving and kind and merciful and. And that's just, I'm primarily referring to how God is presented, and now he's defended. And I would be saying that I' based off of what you read, you know? But my struggles aren't South vivid parts of this. It's more about the relationship components. But let me get to the other one. I think that was the last one. I'll end it with this. One thing that I've been like last week I was talking to one of my co and friends, my oldest friend, and just rapping about like, like how it's been spiritually and I share with him, I like, bro, I feel like giving up on the board, man. I just walking away from the face. and we end up getting it's like a I hate discussion about it because I was just venting and so he was offended. And I would say, rightfully so, because it's like, when it comes to someone being your brother in ours and the Lord for years, and then you just say what you say, or say what I just said, then it becomes challenging to process it the fits of this is only the, you know, reli block, but but I was going to articulate, man, like, I'm just getting sick of people describing God as this relational person. But when I when I reached out to him in no response, it you can't it just I can't justify that he is relationable. but being told that I had to make that work is is like, it's like mine, excuse my life, but it's like mind fucker. Because when I, and I also said this, I was like, dude, like, what I'm looking for is attunement. Atonement. I don't feel sane by God. I don't feel known by God. I feel like the only times that feel somewhat seen is through these, like, abstract moments where you know, Kale, when the wind blew slightly left, that was God, like letting you know that it's okay. He loves you. Get the fuck out of here, bro. For me, I'm a plain person. Speak to me plainly. So when it's again, it goes back to this, like, if it's not clear, you got to mix some shit up. You have to reconcile it. So it can't be that God believe you and abandon you, so it has to be you. You have to be the issue. And so I'm just tired of being blamed. for something. Then I'm making placefully clear that I want to be with him, you know? so a tuman has to do with being seen by God, being known by God. But the thing is you to know that you're known. You know that you're seen. It's not something that you at the life. Like, makeup or it's not difficult to see. You know? Like Moses, I go back to the story many parts of the story, but the one is like when when he said, Lord, I won't go up this mountain if you're not going with me. I need to see your face. And got allow him to see his hind parts. And then Moses said, for now, I've seen God's compassion and grace. It's gracefulness. It was something that was missing. It's something that they didn't know about God. And I was like, part of that part was being a tune. He lacked something that was necessary for him to go deeper in his walk with God. And the same way, so am I. Moses says that to God and God responded 24 hours later. I've asked every single day since March of last year. At minimum four times, four times. to know God as a dad, to know him and to feel him, and to experience him, to be embraced by him. to remove whatever's blocking it. That's over 800 times. And I'm only calculating it to quantify my desperation, to qualify my earnestness, in my sincerity, you know what I'm saying? So I'm entering a New Year, January 1st. And it's still the same thing. So, but I did feel really good that you checked out that song and that you liked it. I listened to it every once in a while. I felt moved that you were moved, by, sure. So, but, yeah, I love you, man.




Hey, hey, Bob Clay, how you doing? I'm finally getting to your questions from November 9. This may be might be a message my apologies. When it comes to like, Milwauu Lord, this has been the best part, which is like, the Ya had a space. talk things out with others and an honorable way. So yeah, so here we go. All right. So the first question is, oh, maybe it does is more like a categorical question. How do you enjoy God?. When you say there is a connection between the struggle to know what I'm saying guy, and to trust him. Ourself and God can't be hindered to trust when our child and parent image is a big part of that h. There's a fear of our being alone without the challenging. These are not questions I am prepared to answer for you, but the questions for you to ponder. These are not questions I am prepared. I'm tired. So here's a backdrop for me actually I got asked this question last week. Here's the scenario. My buddy, he's considering given his life Jesus. He He believes that he's a sinner. He wants to put his faith in Jesus. What he's attracted to, though, also, is the personhood of Jesus, you know? Let's presume that this partner, this gentleman, has gone through a lot of, like, legalistic approaches to faith. And he likes the idea of Jesus being a real person. And so he says, he, like, I'll be willing to consider giving my life to Jesus, or at least be a bit close to that idea if I can meet with him. If I can get to know him as a person. and I donned the pl a part of me that was like, well, I don't really know how to answer that. I can't force changes to come down here to meet you. I can't have the father come down here to meet you. I can't have the Holy Spirit to meet you. Now, do they do those things for sure? But I can't force that. But he sings very sincere. And that's that's kind of where I'm not that dilemma of we talk about a God being so relational, but the only thing that Christians typically say to relate to him is through scripture. And the thing is they' typically misquoting scripture. We have a God that's relational, tangent, sorry, tangible, personal, but we we demonstrate him as being primarily, if not only theoretical, philosophical, or intellectual. So, typically, their response to my friend would be, you know, just go through the text, get comforted in the word of God, you know, just allow the word of God to meet you face to face so you can make a decision. But if he's saying, hey, like.. I just want to meet him. Why I wonder why that why is that response typically met with an If someone says, hey, I want to know him heart to heart, why is it typically met with an intellectual response? Because if it was Clay, let's say if I had a buddy who's heard a lot about you. He's like, man, and I know that you're someone that wants to meet more people, more gentlemen, right? And just, you know, hypothetically, right? You may be too busy. But let's say this person in the chair and that you're shopping for more brothers to invest in. And I. And I say, hey, man, like, how about this? I'm going to just tell you stories about them. About how great of a person he is. But I can't really introduce you to him because you know, he's too busy or whatever that may be, right? You probably you little broken hearted by a lot. You Come on, Kel, you know I can just chat with him for five ten minutes. But why is it that when it comes to guy You puts so in barriers. And I think it's, sorry, we put so many barriers to request, like, I want to meet them, I want to know, I want to feel his presence. We relegant always to the word. And I think it's different a control. Because if we say, Lord, you know, your word says that for two more gathere, you're in the mess and many of us that prayed that prayer with our friend, hoping that you would be there, that you your presence would be felt. That doesn't takes place. So the reconcile that that pain of pain, like, I thought he would come, we, well, you know, he was here, just, you know, intellectually. He was here intellectually, you know, like, we don't need to feel it. You just need to know it intellectually. It's like, okay. So then that becomes the new guy, right? When things don't, when we pray and things that work out according to the Word, we have to figure out a way to reconcile it and then we end up saying, you know what? He doesn't do those things. It's all intellectual. It's an intellectual ascent of of thyself. We don't need these emotionalistic experiences. We get comfort in our suffering for Christ, you know? and again, it's a half truth. It's not all of it. That's only part of it so um so that's the that's the backdrop to like how things have been, primarily to your question, how do you enjoy God? It's kind of hard to, because I know that there are three large claims that the Bible makes. One, that the God of Abraham or, you know, you know, the, you know, God is real. Two, like, God is a person. of in three, that person wants to be closed because the person is close. That's why one of the reasons why Jesus just died, not just for us to be freed from the wages of sin for us to have communion with the Holy Spirit, the Father and the Son. But what happens when someone has yet to experience all three of these assertions, so it's kind of hard for me to enjoy God most of the time. because I know that he's real. I know that he's a person. But I don't know if he's a personal to me. It'd be the same as me building a relationship, trying to build a relationship with the physical person. I've heard about you. I've even, like.. heard from you from other people. But I don't know you know you as a person. Yeah, you may have come to the parties at times or come over every once in a while. but most of the time I'm. I'm trying to engage with you, but there's no feedback loop. There's no responses. And I'm being forced to relegate that like a response as a moment to intellectually ascin emotionalism. while denying that emotion, like denying that having an emotional connection with the Lord is consequential to our faith. So, yeah, so I don't really know how to answer that first one. I guess I'm not enjoying it that much. I don't enjoy them that much. Most of the time. The only times I do is when people ask me questions about how I feel about them. That's where I feel a little bit more hopeful, because I guess I feel seen And so let me go to the other things that you share. Yeah, there's a connection between the struggle to know and understand God and trust them. Understand God and trust them. Yeah, I think that this is interesting because it kind of goes back to what I said before that if there's the Bible is relational and mechanical. If you do this, then this happens, right? Some say, no, it's not. No, that's not true. It is. You have not because you ask, not act and you shall receive. It's very conditional in many senses, but it's very relational over art, like from an overarch review, you know? So when it comes to the connection between the struggle to know and understand, that I can trust him, it's hard to trust someone. You don't know, and that's very, someone said it's inflammatory for me to say. It's I can't even look for the Lord since you were eight and XY and Z. It's like, for sure. So again, I'm not questioning my salvation. I question relationship. Because I started to recognize I don't know him when I said asking myself these questions. If I called, if I like wanted to have a dialogue with God, do I believe that he would respond? No. Now you know what I did say, though? If I were to have a dialogue with God, well, not dialogue, the dialogue deals with it's both parties. I am not sure, but I'm sorry, man. Good luck. Sorry about that. So when it comes to a dialogue, when it comes to a dialogue, it has to have a person that shares the message and a person that responds to vice vers. But if I were to be X, hey, man, if I were to say something. out loud, do I believe God will hear it? Absolutely. But do I believe he would respond? No. So when I said that, at the actress of are their relationships that I have with people, where if I were to say something with they actually respond? ""Oh, absolutely. All of my closest friends. So then I'm like, "" damn. If it was a syllogism. If all of my closest friends are people that respond to me. And if God does not respond to me, does that he's not a close friend. And that may sound really wild to say, but what other Framework do I use to decide that? 'Cause typically when it comes to individuals identifying people as either a wife or husband or friend or brother, it's usually involving some form of consent. It has to be like a it needs to be emotionally and intellectually honest. And so I can't say that God's a friend just because the Bible says he's a friend, right? I can't say that. That's something that has to be known and felt. I should say known, because known has to do with understood and felt. So I need to be known, understood and felt. I align with scripture. But I only align with it. primarily intellectually. So understood. but not felt. And continue to say, oh, God, is my friend, and God is my father, and God is this, and God is that. Continue to just articulate that. It feels very intellectually dishonest. It's one thing if I was making declaring things over my own life, like, I'm a son of God, that's a little bit more easier for me to do. Because the thing is, I know that I's just say I know. I understand that I'm a son. I understand. that I am a, um an Arab guy in a joint Arab of Jesus and you know,i over Christ and he of the blessing of Abraham, I understand that. I don't know that. I don't know that. um so I get really weirded out because if it was like people are forcing in a relationship upon me, just say Dean, this is your brother. Just say it, man. You don't need to like feel it. Just stop doing that. It feels like a forced relationship. And I am daily. asking the Lord to embrace me and counterment, because I am this time. I want to know what them. I don't just want to understand it intellectually. I want it to be felt. as well. So yeah, yeah, when it's when it's not long, but when it's not felt for me, it's hard to trust him. It's just like any other relationship. Like, I don't. I think the thing is that people misunderstand it about me. I'm not saying anything to know everything about God. There were just consequential truths that need to be understood and felt. And that involves adoption salvation. I think if you get the adoption for the salvation for comes a little bit more easier. But So yeah, that's a yeah, sorry But, um some random guy just tried to, I don't know what he was asking. But anyway, sorry. I'm walking outside, so late. It's not even that late. It's only 6 o'clock, but it's dark. Sorry anyway so it's hard to trust someone you don't know. And I guess I got to know someone. Like, I know my closest friends. even though I don't know everything about them, I don't know if three of you are going to be here tomorrow, but I have enough for four with them to be to say oh yeah yeah yeah those are my boys my brothers, but I can't. And the biggest part is because I can't dialogue. I try to dialogue dialogue with him, but he doesn't respond. And so I know that people typically would say, well, he's done. You know, God is not respond to He responds his own time. You can't force God new thing. You can't force God. That's such a defensive response. It's tacky to me, but you would also say that night people would also say, oh, but he's he's a loving God, but you can't force him to respond on your terms and I'm like, oh, my God. How do you expect someone to just be close to them then, if he doesn't respond? So, to me, when it comes to a welcome God, many questions articulated as as something that's like, you have to intellectually also, like dissuade yourself in common sense. and I'm like, you know, I'm nothing on. I can't do that. I'm lying. I was like, if I don't lie, then I'm not compliant. right? So yeah, I, yeah, it would be easier to trust him, knowing him, you know, given that I know him father as my dad, as opposed to just this person that is more like a taskmaster. You know, so this joint's getting long winded. Praise's got. There's a fear of me being alone without him challenging me.. Yeah, I feel like the fear, because it doesn't feel like a legit option to choose God. Right? So, what feels, it feels like a forced relationship. So, for example, it's like, God, he gives you the option. If you choose him, then you go to Paradise. But don't choose him, you or die. That's you're making a decision under duress, right? So kind of going back to the other thing I said, previously, like, it feels like if I don't force it, I don't just save my dad. Like, there's no, um, it feels like their relationship can't have organical. It feels like, if you don't, identify as either Christian or identify as a son, or if you don't just do those things as opposed to allowing the Lord to convince you of these things, then you're going to hell. You know what I mean? But that's also the God that's loving and kind and merciful and. And that's just, I'm primarily referring to how God is presented, and now he's defended. And I would be saying that I' based off of what you read, you know? But my struggles aren't South vivid parts of this. It's more about the relationship components. But let me get to the other one. I think that was the last one. I'll end it with this. One thing that I've been like last week I was talking to one of my co and friends, my oldest friend, and just rapping about like, like how it's been spiritually and I share with him, I like, bro, I feel like giving up on the board, man. I just walking away from the face. and we end up getting it's like a I hate discussion about it because I was just venting and so he was offended. And I would say, rightfully so, because it's like, when it comes to someone being your brother in ours and the Lord for years, and then you just say what you say, or say what I just said, then it becomes challenging to process it the fits of this is only the, you know, reli block, but but I was going to articulate, man, like, I'm just getting sick of people describing God as this relational person. But when I when I reached out to him in no response, it you can't it just I can't justify that he is relationable. but being told that I had to make that work is is like, it's like mine, excuse my life, but it's like mind fucker. Because when I, and I also said this, I was like, dude, like, what I'm looking for is attunement. Atonement. I don't feel sane by God. I don't feel known by God. I feel like the only times that feel somewhat seen is through these, like, abstract moments where you know, Kale, when the wind blew slightly left, that was God, like letting you know that it's okay. He loves you. Get the fuck out of here, bro. For me, I'm a plain person. Speak to me plainly. So when it's again, it goes back to this, like, if it's not clear, you got to mix some shit up. You have to reconcile it. So it can't be that God believe you and abandon you, so it has to be you. You have to be the issue. And so I'm just tired of being blamed. for something. Then I'm making placefully clear that I want to be with him, you know? so a tuman has to do with being seen by God, being known by God. But the thing is you to know that you're known. You know that you're seen. It's not something that you at the life. Like, makeup or it's not difficult to see. You know? Like Moses, I go back to the story many parts of the story, but the one is like when when he said, Lord, I won't go up this mountain if you're not going with me. I need to see your face. And got allow him to see his hind parts. And then Moses said, for now, I've seen God's compassion and grace. It's gracefulness. It was something that was missing. It's something that they didn't know about God. And I was like, part of that part was being a tune. He lacked something that was necessary for him to go deeper in his walk with God. And the same way, so am I. Moses says that to God and God responded 24 hours later. I've asked every single day since March of last year. At minimum four times, four times. to know God as a dad, to know him and to feel him, and to experience him, to be embraced by him. to remove whatever's blocking it. That's over 800 times. And I'm only calculating it to quantify my desperation, to qualify my earnestness, in my sincerity, you know what I'm saying? So I'm entering a New Year, January 1st. And it's still the same thing. So, but I did feel really good that you checked out that song and that you liked it. I listened to it every once in a while. I felt moved that you were moved, by, sure. So, but, yeah, I love you, man.

Hey, hey, Bob Clay, how you doing? I'm finally getting to your questions from November 9. This may be might be a message my apologies. When it comes to like, Milwauu Lord, this has been the best part, which is like, the Ya had a space. talk things out with others and an honorable way. So yeah, so here we go. All right. So the first question is, oh, maybe it does is more like a categorical question. How do you enjoy God?. When you say there is a connection between the struggle to know what I'm saying guy, and to trust him. Ourself and God can't be hindered to trust when our child and parent image is a big part of that h. There's a fear of our being alone without the challenging. These are not questions I am prepared to answer for you, but the questions for you to ponder. These are not questions I am prepared. I'm tired. So here's a backdrop for me actually I got asked this question last week. Here's the scenario. My buddy, he's considering given his life Jesus. He He believes that he's a sinner. He wants to put his faith in Jesus. What he's attracted to, though, also, is the personhood of Jesus, you know? Let's presume that this partner, this gentleman, has gone through a lot of, like, legalistic approaches to faith. And he likes the idea of Jesus being a real person. And so he says, he, like, I'll be willing to consider giving my life to Jesus, or at least be a bit close to that idea if I can meet with him. If I can get to know him as a person. and I donned the pl a part of me that was like, well, I don't really know how to answer that. I can't force changes to come down here to meet you. I can't have the father come down here to meet you. I can't have the Holy Spirit to meet you. Now, do they do those things for sure? But I can't force that. But he sings very sincere. And that's that's kind of where I'm not that dilemma of we talk about a God being so relational, but the only thing that Christians typically say to relate to him is through scripture. And the thing is they' typically misquoting scripture. We have a God that's relational, tangent, sorry, tangible, personal, but we we demonstrate him as being primarily, if not only theoretical, philosophical, or intellectual. So, typically, their response to my friend would be, you know, just go through the text, get comforted in the word of God, you know, just allow the word of God to meet you face to face so you can make a decision. But if he's saying, hey, like.. I just want to meet him. Why I wonder why that why is that response typically met with an If someone says, hey, I want to know him heart to heart, why is it typically met with an intellectual response? Because if it was Clay, let's say if I had a buddy who's heard a lot about you. He's like, man, and I know that you're someone that wants to meet more people, more gentlemen, right? And just, you know, hypothetically, right? You may be too busy. But let's say this person in the chair and that you're shopping for more brothers to invest in. And I. And I say, hey, man, like, how about this? I'm going to just tell you stories about them. About how great of a person he is. But I can't really introduce you to him because you know, he's too busy or whatever that may be, right? You probably you little broken hearted by a lot. You Come on, Kel, you know I can just chat with him for five ten minutes. But why is it that when it comes to guy You puts so in barriers. And I think it's, sorry, we put so many barriers to request, like, I want to meet them, I want to know, I want to feel his presence. We relegant always to the word. And I think it's different a control. Because if we say, Lord, you know, your word says that for two more gathere, you're in the mess and many of us that prayed that prayer with our friend, hoping that you would be there, that you your presence would be felt. That doesn't takes place. So the reconcile that that pain of pain, like, I thought he would come, we, well, you know, he was here, just, you know, intellectually. He was here intellectually, you know, like, we don't need to feel it. You just need to know it intellectually. It's like, okay. So then that becomes the new guy, right? When things don't, when we pray and things that work out according to the Word, we have to figure out a way to reconcile it and then we end up saying, you know what? He doesn't do those things. It's all intellectual. It's an intellectual ascent of of thyself. We don't need these emotionalistic experiences. We get comfort in our suffering for Christ, you know? and again, it's a half truth. It's not all of it. That's only part of it so um so that's the that's the backdrop to like how things have been, primarily to your question, how do you enjoy God? It's kind of hard to, because I know that there are three large claims that the Bible makes. One, that the God of Abraham or, you know, you know, the, you know, God is real. Two, like, God is a person. of in three, that person wants to be closed because the person is close. That's why one of the reasons why Jesus just died, not just for us to be freed from the wages of sin for us to have communion with the Holy Spirit, the Father and the Son. But what happens when someone has yet to experience all three of these assertions, so it's kind of hard for me to enjoy God most of the time. because I know that he's real. I know that he's a person. But I don't know if he's a personal to me. It'd be the same as me building a relationship, trying to build a relationship with the physical person. I've heard about you. I've even, like.. heard from you from other people. But I don't know you know you as a person. Yeah, you may have come to the parties at times or come over every once in a while. but most of the time I'm. I'm trying to engage with you, but there's no feedback loop. There's no responses. And I'm being forced to relegate that like a response as a moment to intellectually ascin emotionalism. while denying that emotion, like denying that having an emotional connection with the Lord is consequential to our faith. So, yeah, so I don't really know how to answer that first one. I guess I'm not enjoying it that much. I don't enjoy them that much. Most of the time. The only times I do is when people ask me questions about how I feel about them. That's where I feel a little bit more hopeful, because I guess I feel seen And so let me go to the other things that you share. Yeah, there's a connection between the struggle to know and understand God and trust them. Understand God and trust them. Yeah, I think that this is interesting because it kind of goes back to what I said before that if there's the Bible is relational and mechanical. If you do this, then this happens, right? Some say, no, it's not. No, that's not true. It is. You have not because you ask, not act and you shall receive. It's very conditional in many senses, but it's very relational over art, like from an overarch review, you know? So when it comes to the connection between the struggle to know and understand, that I can trust him, it's hard to trust someone. You don't know, and that's very, someone said it's inflammatory for me to say. It's I can't even look for the Lord since you were eight and XY and Z. It's like, for sure. So again, I'm not questioning my salvation. I question relationship. Because I started to recognize I don't know him when I said asking myself these questions. If I called, if I like wanted to have a dialogue with God, do I believe that he would respond? No. Now you know what I did say, though? If I were to have a dialogue with God, well, not dialogue, the dialogue deals with it's both parties. I am not sure, but I'm sorry, man. Good luck. Sorry about that. So when it comes to a dialogue, when it comes to a dialogue, it has to have a person that shares the message and a person that responds to vice vers. But if I were to be X, hey, man, if I were to say something. out loud, do I believe God will hear it? Absolutely. But do I believe he would respond? No. So when I said that, at the actress of are their relationships that I have with people, where if I were to say something with they actually respond? ""Oh, absolutely. All of my closest friends. So then I'm like, "" damn. If it was a syllogism. If all of my closest friends are people that respond to me. And if God does not respond to me, does that he's not a close friend. And that may sound really wild to say, but what other Framework do I use to decide that? 'Cause typically when it comes to individuals identifying people as either a wife or husband or friend or brother, it's usually involving some form of consent. It has to be like a it needs to be emotionally and intellectually honest. And so I can't say that God's a friend just because the Bible says he's a friend, right? I can't say that. That's something that has to be known and felt. I should say known, because known has to do with understood and felt. So I need to be known, understood and felt. I align with scripture. But I only align with it. primarily intellectually. So understood. but not felt. And continue to say, oh, God, is my friend, and God is my father, and God is this, and God is that. Continue to just articulate that. It feels very intellectually dishonest. It's one thing if I was making declaring things over my own life, like, I'm a son of God, that's a little bit more easier for me to do. Because the thing is, I know that I's just say I know. I understand that I'm a son. I understand. that I am a, um an Arab guy in a joint Arab of Jesus and you know,i over Christ and he of the blessing of Abraham, I understand that. I don't know that. I don't know that. um so I get really weirded out because if it was like people are forcing in a relationship upon me, just say Dean, this is your brother. Just say it, man. You don't need to like feel it. Just stop doing that. It feels like a forced relationship. And I am daily. asking the Lord to embrace me and counterment, because I am this time. I want to know what them. I don't just want to understand it intellectually. I want it to be felt. as well. So yeah, yeah, when it's when it's not long, but when it's not felt for me, it's hard to trust him. It's just like any other relationship. Like, I don't. I think the thing is that people misunderstand it about me. I'm not saying anything to know everything about God. There were just consequential truths that need to be understood and felt. And that involves adoption salvation. I think if you get the adoption for the salvation for comes a little bit more easier. But So yeah, that's a yeah, sorry But, um some random guy just tried to, I don't know what he was asking. But anyway, sorry. I'm walking outside, so late. It's not even that late. It's only 6 o'clock, but it's dark. Sorry anyway so it's hard to trust someone you don't know. And I guess I got to know someone. Like, I know my closest friends. even though I don't know everything about them, I don't know if three of you are going to be here tomorrow, but I have enough for four with them to be to say oh yeah yeah yeah those are my boys my brothers, but I can't. And the biggest part is because I can't dialogue. I try to dialogue dialogue with him, but he doesn't respond. And so I know that people typically would say, well, he's done. You know, God is not respond to He responds his own time. You can't force God new thing. You can't force God. That's such a defensive response. It's tacky to me, but you would also say that night people would also say, oh, but he's he's a loving God, but you can't force him to respond on your terms and I'm like, oh, my God. How do you expect someone to just be close to them then, if he doesn't respond? So, to me, when it comes to a welcome God, many questions articulated as as something that's like, you have to intellectually also, like dissuade yourself in common sense. and I'm like, you know, I'm nothing on. I can't do that. I'm lying. I was like, if I don't lie, then I'm not compliant. right? So yeah, I, yeah, it would be easier to trust him, knowing him, you know, given that I know him father as my dad, as opposed to just this person that is more like a taskmaster. You know, so this joint's getting long winded. Praise's got. There's a fear of me being alone without him challenging me.. Yeah, I feel like the fear, because it doesn't feel like a legit option to choose God. Right? So, what feels, it feels like a forced relationship. So, for example, it's like, God, he gives you the option. If you choose him, then you go to Paradise. But don't choose him, you or die. That's you're making a decision under duress, right? So kind of going back to the other thing I said, previously, like, it feels like if I don't force it, I don't just save my dad. Like, there's no, um, it feels like their relationship can't have organical. It feels like, if you don't, identify as either Christian or identify as a son, or if you don't just do those things as opposed to allowing the Lord to convince you of these things, then you're going to hell. You know what I mean? But that's also the God that's loving and kind and merciful and. And that's just, I'm primarily referring to how God is presented, and now he's defended. And I would be saying that I' based off of what you read, you know? But my struggles aren't South vivid parts of this. It's more about the relationship components. But let me get to the other one. I think that was the last one. I'll end it with this. One thing that I've been like last week I was talking to one of my co and friends, my oldest friend, and just rapping about like, like how it's been spiritually and I share with him, I like, bro, I feel like giving up on the board, man. I just walking away from the face. and we end up getting it's like a I hate discussion about it because I was just venting and so he was offended. And I would say, rightfully so, because it's like, when it comes to someone being your brother in ours and the Lord for years, and then you just say what you say, or say what I just said, then it becomes challenging to process it the fits of this is only the, you know, reli block, but but I was going to articulate, man, like, I'm just getting sick of people describing God as this relational person. But when I when I reached out to him in no response, it you can't it just I can't justify that he is relationable. but being told that I had to make that work is is like, it's like mine, excuse my life, but it's like mind fucker. Because when I, and I also said this, I was like, dude, like, what I'm looking for is attunement. Atonement. I don't feel sane by God. I don't feel known by God. I feel like the only times that feel somewhat seen is through these, like, abstract moments where you know, Kale, when the wind blew slightly left, that was God, like letting you know that it's okay. He loves you. Get the fuck out of here, bro. For me, I'm a plain person. Speak to me plainly. So when it's again, it goes back to this, like, if it's not clear, you got to mix some shit up. You have to reconcile it. So it can't be that God believe you and abandon you, so it has to be you. You have to be the issue. And so I'm just tired of being blamed. for something. Then I'm making placefully clear that I want to be with him, you know? so a tuman has to do with being seen by God, being known by God. But the thing is you to know that you're known. You know that you're seen. It's not something that you at the life. Like, makeup or it's not difficult to see. You know? Like Moses, I go back to the story many parts of the story, but the one is like when when he said, Lord, I won't go up this mountain if you're not going with me. I need to see your face. And got allow him to see his hind parts. And then Moses said, for now, I've seen God's compassion and grace. It's gracefulness. It was something that was missing. It's something that they didn't know about God. And I was like, part of that part was being a tune. He lacked something that was necessary for him to go deeper in his walk with God. And the same way, so am I. Moses says that to God and God responded 24 hours later. I've asked every single day since March of last year. At minimum four times, four times. to know God as a dad, to know him and to feel him, and to experience him, to be embraced by him. to remove whatever's blocking it. That's over 800 times. And I'm only calculating it to quantify my desperation, to qualify my earnestness, in my sincerity, you know what I'm saying? So I'm entering a New Year, January 1st. And it's still the same thing. So, but I did feel really good that you checked out that song and that you liked it. I listened to it every once in a while. I felt moved that you were moved, by, sure. So, but, yeah, I love you, man.

Hey, hey, Bob Clay, how you doing? I'm finally getting to your questions from November 9. This may be might be a message my apologies. When it comes to like, Milwauu Lord, this has been the best part, which is like, the Ya had a space. talk things out with others and an honorable way. So yeah, so here we go. All right. So the first question is, oh, maybe it does is more like a categorical question. How do you enjoy God?. When you say there is a connection between the struggle to know what I'm saying guy, and to trust him. Ourself and God can't be hindered to trust when our child and parent image is a big part of that h. There's a fear of our being alone without the challenging. These are not questions I am prepared to answer for you, but the questions for you to ponder. These are not questions I am prepared. I'm tired. So here's a backdrop for me actually I got asked this question last week. Here's the scenario. My buddy, he's considering given his life Jesus. He He believes that he's a sinner. He wants to put his faith in Jesus. What he's attracted to, though, also, is the personhood of Jesus, you know? Let's presume that this partner, this gentleman, has gone through a lot of, like, legalistic approaches to faith. And he likes the idea of Jesus being a real person. And so he says, he, like, I'll be willing to consider giving my life to Jesus, or at least be a bit close to that idea if I can meet with him. If I can get to know him as a person. and I donned the pl a part of me that was like, well, I don't really know how to answer that. I can't force changes to come down here to meet you. I can't have the father come down here to meet you. I can't have the Holy Spirit to meet you. Now, do they do those things for sure? But I can't force that. But he sings very sincere. And that's that's kind of where I'm not that dilemma of we talk about a God being so relational, but the only thing that Christians typically say to relate to him is through scripture. And the thing is they' typically misquoting scripture. We have a God that's relational, tangent, sorry, tangible, personal, but we we demonstrate him as being primarily, if not only theoretical, philosophical, or intellectual. So, typically, their response to my friend would be, you know, just go through the text, get comforted in the word of God, you know, just allow the word of God to meet you face to face so you can make a decision. But if he's saying, hey, like.. I just want to meet him. Why I wonder why that why is that response typically met with an If someone says, hey, I want to know him heart to heart, why is it typically met with an intellectual response? Because if it was Clay, let's say if I had a buddy who's heard a lot about you. He's like, man, and I know that you're someone that wants to meet more people, more gentlemen, right? And just, you know, hypothetically, right? You may be too busy. But let's say this person in the chair and that you're shopping for more brothers to invest in. And I. And I say, hey, man, like, how about this? I'm going to just tell you stories about them. About how great of a person he is. But I can't really introduce you to him because you know, he's too busy or whatever that may be, right? You probably you little broken hearted by a lot. You Come on, Kel, you know I can just chat with him for five ten minutes. But why is it that when it comes to guy You puts so in barriers. And I think it's, sorry, we put so many barriers to request, like, I want to meet them, I want to know, I want to feel his presence. We relegant always to the word. And I think it's different a control. Because if we say, Lord, you know, your word says that for two more gathere, you're in the mess and many of us that prayed that prayer with our friend, hoping that you would be there, that you your presence would be felt. That doesn't takes place. So the reconcile that that pain of pain, like, I thought he would come, we, well, you know, he was here, just, you know, intellectually. He was here intellectually, you know, like, we don't need to feel it. You just need to know it intellectually. It's like, okay. So then that becomes the new guy, right? When things don't, when we pray and things that work out according to the Word, we have to figure out a way to reconcile it and then we end up saying, you know what? He doesn't do those things. It's all intellectual. It's an intellectual ascent of of thyself. We don't need these emotionalistic experiences. We get comfort in our suffering for Christ, you know? and again, it's a half truth. It's not all of it. That's only part of it so um so that's the that's the backdrop to like how things have been, primarily to your question, how do you enjoy God? It's kind of hard to, because I know that there are three large claims that the Bible makes. One, that the God of Abraham or, you know, you know, the, you know, God is real. Two, like, God is a person. of in three, that person wants to be closed because the person is close. That's why one of the reasons why Jesus just died, not just for us to be freed from the wages of sin for us to have communion with the Holy Spirit, the Father and the Son. But what happens when someone has yet to experience all three of these assertions, so it's kind of hard for me to enjoy God most of the time. because I know that he's real. I know that he's a person. But I don't know if he's a personal to me. It'd be the same as me building a relationship, trying to build a relationship with the physical person. I've heard about you. I've even, like.. heard from you from other people. But I don't know you know you as a person. Yeah, you may have come to the parties at times or come over every once in a while. but most of the time I'm. I'm trying to engage with you, but there's no feedback loop. There's no responses. And I'm being forced to relegate that like a response as a moment to intellectually ascin emotionalism. while denying that emotion, like denying that having an emotional connection with the Lord is consequential to our faith. So, yeah, so I don't really know how to answer that first one. I guess I'm not enjoying it that much. I don't enjoy them that much. Most of the time. The only times I do is when people ask me questions about how I feel about them. That's where I feel a little bit more hopeful, because I guess I feel seen And so let me go to the other things that you share. Yeah, there's a connection between the struggle to know and understand God and trust them. Understand God and trust them. Yeah, I think that this is interesting because it kind of goes back to what I said before that if there's the Bible is relational and mechanical. If you do this, then this happens, right? Some say, no, it's not. No, that's not true. It is. You have not because you ask, not act and you shall receive. It's very conditional in many senses, but it's very relational over art, like from an overarch review, you know? So when it comes to the connection between the struggle to know and understand, that I can trust him, it's hard to trust someone. You don't know, and that's very, someone said it's inflammatory for me to say. It's I can't even look for the Lord since you were eight and XY and Z. It's like, for sure. So again, I'm not questioning my salvation. I question relationship. Because I started to recognize I don't know him when I said asking myself these questions. If I called, if I like wanted to have a dialogue with God, do I believe that he would respond? No. Now you know what I did say, though? If I were to have a dialogue with God, well, not dialogue, the dialogue deals with it's both parties. I am not sure, but I'm sorry, man. Good luck. Sorry about that. So when it comes to a dialogue, when it comes to a dialogue, it has to have a person that shares the message and a person that responds to vice vers. But if I were to be X, hey, man, if I were to say something. out loud, do I believe God will hear it? Absolutely. But do I believe he would respond? No. So when I said that, at the actress of are their relationships that I have with people, where if I were to say something with they actually respond? ""Oh, absolutely. All of my closest friends. So then I'm like, "" damn. If it was a syllogism. If all of my closest friends are people that respond to me. And if God does not respond to me, does that he's not a close friend. And that may sound really wild to say, but what other Framework do I use to decide that? 'Cause typically when it comes to individuals identifying people as either a wife or husband or friend or brother, it's usually involving some form of consent. It has to be like a it needs to be emotionally and intellectually honest. And so I can't say that God's a friend just because the Bible says he's a friend, right? I can't say that. That's something that has to be known and felt. I should say known, because known has to do with understood and felt. So I need to be known, understood and felt. I align with scripture. But I only align with it. primarily intellectually. So understood. but not felt. And continue to say, oh, God, is my friend, and God is my father, and God is this, and God is that. Continue to just articulate that. It feels very intellectually dishonest. It's one thing if I was making declaring things over my own life, like, I'm a son of God, that's a little bit more easier for me to do. Because the thing is, I know that I's just say I know. I understand that I'm a son. I understand. that I am a, um an Arab guy in a joint Arab of Jesus and you know,i over Christ and he of the blessing of Abraham, I understand that. I don't know that. I don't know that. um so I get really weirded out because if it was like people are forcing in a relationship upon me, just say Dean, this is your brother. Just say it, man. You don't need to like feel it. Just stop doing that. It feels like a forced relationship. And I am daily. asking the Lord to embrace me and counterment, because I am this time. I want to know what them. I don't just want to understand it intellectually. I want it to be felt. as well. So yeah, yeah, when it's when it's not long, but when it's not felt for me, it's hard to trust him. It's just like any other relationship. Like, I don't. I think the thing is that people misunderstand it about me. I'm not saying anything to know everything about God. There were just consequential truths that need to be understood and felt. And that involves adoption salvation. I think if you get the adoption for the salvation for comes a little bit more easier. But So yeah, that's a yeah, sorry But, um some random guy just tried to, I don't know what he was asking. But anyway, sorry. I'm walking outside, so late. It's not even that late. It's only 6 o'clock, but it's dark. Sorry anyway so it's hard to trust someone you don't know. And I guess I got to know someone. Like, I know my closest friends. even though I don't know everything about them, I don't know if three of you are going to be here tomorrow, but I have enough for four with them to be to say oh yeah yeah yeah those are my boys my brothers, but I can't. And the biggest part is because I can't dialogue. I try to dialogue dialogue with him, but he doesn't respond. And so I know that people typically would say, well, he's done. You know, God is not respond to He responds his own time. You can't force God new thing. You can't force God. That's such a defensive response. It's tacky to me, but you would also say that night people would also say, oh, but he's he's a loving God, but you can't force him to respond on your terms and I'm like, oh, my God. How do you expect someone to just be close to them then, if he doesn't respond? So, to me, when it comes to a welcome God, many questions articulated as as something that's like, you have to intellectually also, like dissuade yourself in common sense. and I'm like, you know, I'm nothing on. I can't do that. I'm lying. I was like, if I don't lie, then I'm not compliant. right? So yeah, I, yeah, it would be easier to trust him, knowing him, you know, given that I know him father as my dad, as opposed to just this person that is more like a taskmaster. You know, so this joint's getting long winded. Praise's got. There's a fear of me being alone without him challenging me.. Yeah, I feel like the fear, because it doesn't feel like a legit option to choose God. Right? So, what feels, it feels like a forced relationship. So, for example, it's like, God, he gives you the option. If you choose him, then you go to Paradise. But don't choose him, you or die. That's you're making a decision under duress, right? So kind of going back to the other thing I said, previously, like, it feels like if I don't force it, I don't just save my dad. Like, there's no, um, it feels like their relationship can't have organical. It feels like, if you don't, identify as either Christian or identify as a son, or if you don't just do those things as opposed to allowing the Lord to convince you of these things, then you're going to hell. You know what I mean? But that's also the God that's loving and kind and merciful and. And that's just, I'm primarily referring to how God is presented, and now he's defended. And I would be saying that I' based off of what you read, you know? But my struggles aren't South vivid parts of this. It's more about the relationship components. But let me get to the other one. I think that was the last one. I'll end it with this. One thing that I've been like last week I was talking to one of my co and friends, my oldest friend, and just rapping about like, like how it's been spiritually and I share with him, I like, bro, I feel like giving up on the board, man. I just walking away from the face. and we end up getting it's like a I hate discussion about it because I was just venting and so he was offended. And I would say, rightfully so, because it's like, when it comes to someone being your brother in ours and the Lord for years, and then you just say what you say, or say what I just said, then it becomes challenging to process it the fits of this is only the, you know, reli block, but but I was going to articulate, man, like, I'm just getting sick of people describing God as this relational person. But when I when I reached out to him in no response, it you can't it just I can't justify that he is relationable. but being told that I had to make that work is is like, it's like mine, excuse my life, but it's like mind fucker. Because when I, and I also said this, I was like, dude, like, what I'm looking for is attunement. Atonement. I don't feel sane by God. I don't feel known by God. I feel like the only times that feel somewhat seen is through these, like, abstract moments where you know, Kale, when the wind blew slightly left, that was God, like letting you know that it's okay. He loves you. Get the fuck out of here, bro. For me, I'm a plain person. Speak to me plainly. So when it's again, it goes back to this, like, if it's not clear, you got to mix some shit up. You have to reconcile it. So it can't be that God believe you and abandon you, so it has to be you. You have to be the issue. And so I'm just tired of being blamed. for something. Then I'm making placefully clear that I want to be with him, you know? so a tuman has to do with being seen by God, being known by God. But the thing is you to know that you're known. You know that you're seen. It's not something that you at the life. Like, makeup or it's not difficult to see. You know? Like Moses, I go back to the story many parts of the story, but the one is like when when he said, Lord, I won't go up this mountain if you're not going with me. I need to see your face. And got allow him to see his hind parts. And then Moses said, for now, I've seen God's compassion and grace. It's gracefulness. It was something that was missing. It's something that they didn't know about God. And I was like, part of that part was being a tune. He lacked something that was necessary for him to go deeper in his walk with God. And the same way, so am I. Moses says that to God and God responded 24 hours later. I've asked every single day since March of last year. At minimum four times, four times. to know God as a dad, to know him and to feel him, and to experience him, to be embraced by him. to remove whatever's blocking it. That's over 800 times. And I'm only calculating it to quantify my desperation, to qualify my earnestness, in my sincerity, you know what I'm saying? So I'm entering a New Year, January 1st. And it's still the same thing. So, but I did feel really good that you checked out that song and that you liked it. I listened to it every once in a while. I felt moved that you were moved, by, sure. So, but, yeah, I love you, man.




Hey, hey, Bob Clay, how you doing? I'm finally getting to your questions from November 9. This may be might be a message my apologies. When it comes to like, Milwauu Lord, this has been the best part, which is like, the Ya had a space. talk things out with others and an honorable way. So yeah, so here we go. All right. So the first question is, oh, maybe it does is more like a categorical question. How do you enjoy God?. When you say there is a connection between the struggle to know what I'm saying guy, and to trust him. Ourself and God can't be hindered to trust when our child and parent image is a big part of that h. There's a fear of our being alone without the challenging. These are not questions I am prepared to answer for you, but the questions for you to ponder. These are not questions I am prepared. I'm tired. So here's a backdrop for me actually I got asked this question last week. Here's the scenario. My buddy, he's considering given his life Jesus. He He believes that he's a sinner. He wants to put his faith in Jesus. What he's attracted to, though, also, is the personhood of Jesus, you know? Let's presume that this partner, this gentleman, has gone through a lot of, like, legalistic approaches to faith. And he likes the idea of Jesus being a real person. And so he says, he, like, I'll be willing to consider giving my life to Jesus, or at least be a bit close to that idea if I can meet with him. If I can get to know him as a person. and I donned the pl a part of me that was like, well, I don't really know how to answer that. I can't force changes to come down here to meet you. I can't have the father come down here to meet you. I can't have the Holy Spirit to meet you. Now, do they do those things for sure? But I can't force that. But he sings very sincere. And that's that's kind of where I'm not that dilemma of we talk about a God being so relational, but the only thing that Christians typically say to relate to him is through scripture. And the thing is they' typically misquoting scripture. We have a God that's relational, tangent, sorry, tangible, personal, but we we demonstrate him as being primarily, if not only theoretical, philosophical, or intellectual. So, typically, their response to my friend would be, you know, just go through the text, get comforted in the word of God, you know, just allow the word of God to meet you face to face so you can make a decision. But if he's saying, hey, like.. I just want to meet him. Why I wonder why that why is that response typically met with an If someone says, hey, I want to know him heart to heart, why is it typically met with an intellectual response? Because if it was Clay, let's say if I had a buddy who's heard a lot about you. He's like, man, and I know that you're someone that wants to meet more people, more gentlemen, right? And just, you know, hypothetically, right? You may be too busy. But let's say this person in the chair and that you're shopping for more brothers to invest in. And I. And I say, hey, man, like, how about this? I'm going to just tell you stories about them. About how great of a person he is. But I can't really introduce you to him because you know, he's too busy or whatever that may be, right? You probably you little broken hearted by a lot. You Come on, Kel, you know I can just chat with him for five ten minutes. But why is it that when it comes to guy You puts so in barriers. And I think it's, sorry, we put so many barriers to request, like, I want to meet them, I want to know, I want to feel his presence. We relegant always to the word. And I think it's different a control. Because if we say, Lord, you know, your word says that for two more gathere, you're in the mess and many of us that prayed that prayer with our friend, hoping that you would be there, that you your presence would be felt. That doesn't takes place. So the reconcile that that pain of pain, like, I thought he would come, we, well, you know, he was here, just, you know, intellectually. He was here intellectually, you know, like, we don't need to feel it. You just need to know it intellectually. It's like, okay. So then that becomes the new guy, right? When things don't, when we pray and things that work out according to the Word, we have to figure out a way to reconcile it and then we end up saying, you know what? He doesn't do those things. It's all intellectual. It's an intellectual ascent of of thyself. We don't need these emotionalistic experiences. We get comfort in our suffering for Christ, you know? and again, it's a half truth. It's not all of it. That's only part of it so um so that's the that's the backdrop to like how things have been, primarily to your question, how do you enjoy God? It's kind of hard to, because I know that there are three large claims that the Bible makes. One, that the God of Abraham or, you know, you know, the, you know, God is real. Two, like, God is a person. of in three, that person wants to be closed because the person is close. That's why one of the reasons why Jesus just died, not just for us to be freed from the wages of sin for us to have communion with the Holy Spirit, the Father and the Son. But what happens when someone has yet to experience all three of these assertions, so it's kind of hard for me to enjoy God most of the time. because I know that he's real. I know that he's a person. But I don't know if he's a personal to me. It'd be the same as me building a relationship, trying to build a relationship with the physical person. I've heard about you. I've even, like.. heard from you from other people. But I don't know you know you as a person. Yeah, you may have come to the parties at times or come over every once in a while. but most of the time I'm. I'm trying to engage with you, but there's no feedback loop. There's no responses. And I'm being forced to relegate that like a response as a moment to intellectually ascin emotionalism. while denying that emotion, like denying that having an emotional connection with the Lord is consequential to our faith. So, yeah, so I don't really know how to answer that first one. I guess I'm not enjoying it that much. I don't enjoy them that much. Most of the time. The only times I do is when people ask me questions about how I feel about them. That's where I feel a little bit more hopeful, because I guess I feel seen And so let me go to the other things that you share. Yeah, there's a connection between the struggle to know and understand God and trust them. Understand God and trust them. Yeah, I think that this is interesting because it kind of goes back to what I said before that if there's the Bible is relational and mechanical. If you do this, then this happens, right? Some say, no, it's not. No, that's not true. It is. You have not because you ask, not act and you shall receive. It's very conditional in many senses, but it's very relational over art, like from an overarch review, you know? So when it comes to the connection between the struggle to know and understand, that I can trust him, it's hard to trust someone. You don't know, and that's very, someone said it's inflammatory for me to say. It's I can't even look for the Lord since you were eight and XY and Z. It's like, for sure. So again, I'm not questioning my salvation. I question relationship. Because I started to recognize I don't know him when I said asking myself these questions. If I called, if I like wanted to have a dialogue with God, do I believe that he would respond? No. Now you know what I did say, though? If I were to have a dialogue with God, well, not dialogue, the dialogue deals with it's both parties. I am not sure, but I'm sorry, man. Good luck. Sorry about that. So when it comes to a dialogue, when it comes to a dialogue, it has to have a person that shares the message and a person that responds to vice vers. But if I were to be X, hey, man, if I were to say something. out loud, do I believe God will hear it? Absolutely. But do I believe he would respond? No. So when I said that, at the actress of are their relationships that I have with people, where if I were to say something with they actually respond? ""Oh, absolutely. All of my closest friends. So then I'm like, "" damn. If it was a syllogism. If all of my closest friends are people that respond to me. And if God does not respond to me, does that he's not a close friend. And that may sound really wild to say, but what other Framework do I use to decide that? 'Cause typically when it comes to individuals identifying people as either a wife or husband or friend or brother, it's usually involving some form of consent. It has to be like a it needs to be emotionally and intellectually honest. And so I can't say that God's a friend just because the Bible says he's a friend, right? I can't say that. That's something that has to be known and felt. I should say known, because known has to do with understood and felt. So I need to be known, understood and felt. I align with scripture. But I only align with it. primarily intellectually. So understood. but not felt. And continue to say, oh, God, is my friend, and God is my father, and God is this, and God is that. Continue to just articulate that. It feels very intellectually dishonest. It's one thing if I was making declaring things over my own life, like, I'm a son of God, that's a little bit more easier for me to do. Because the thing is, I know that I's just say I know. I understand that I'm a son. I understand. that I am a, um an Arab guy in a joint Arab of Jesus and you know,i over Christ and he of the blessing of Abraham, I understand that. I don't know that. I don't know that. um so I get really weirded out because if it was like people are forcing in a relationship upon me, just say Dean, this is your brother. Just say it, man. You don't need to like feel it. Just stop doing that. It feels like a forced relationship. And I am daily. asking the Lord to embrace me and counterment, because I am this time. I want to know what them. I don't just want to understand it intellectually. I want it to be felt. as well. So yeah, yeah, when it's when it's not long, but when it's not felt for me, it's hard to trust him. It's just like any other relationship. Like, I don't. I think the thing is that people misunderstand it about me. I'm not saying anything to know everything about God. There were just consequential truths that need to be understood and felt. And that involves adoption salvation. I think if you get the adoption for the salvation for comes a little bit more easier. But So yeah, that's a yeah, sorry But, um some random guy just tried to, I don't know what he was asking. But anyway, sorry. I'm walking outside, so late. It's not even that late. It's only 6 o'clock, but it's dark. Sorry anyway so it's hard to trust someone you don't know. And I guess I got to know someone. Like, I know my closest friends. even though I don't know everything about them, I don't know if three of you are going to be here tomorrow, but I have enough for four with them to be to say oh yeah yeah yeah those are my boys my brothers, but I can't. And the biggest part is because I can't dialogue. I try to dialogue dialogue with him, but he doesn't respond. And so I know that people typically would say, well, he's done. You know, God is not respond to He responds his own time. You can't force God new thing. You can't force God. That's such a defensive response. It's tacky to me, but you would also say that night people would also say, oh, but he's he's a loving God, but you can't force him to respond on your terms and I'm like, oh, my God. How do you expect someone to just be close to them then, if he doesn't respond? So, to me, when it comes to a welcome God, many questions articulated as as something that's like, you have to intellectually also, like dissuade yourself in common sense. and I'm like, you know, I'm nothing on. I can't do that. I'm lying. I was like, if I don't lie, then I'm not compliant. right? So yeah, I, yeah, it would be easier to trust him, knowing him, you know, given that I know him father as my dad, as opposed to just this person that is more like a taskmaster. You know, so this joint's getting long winded. Praise's got. There's a fear of me being alone without him challenging me.. Yeah, I feel like the fear, because it doesn't feel like a legit option to choose God. Right? So, what feels, it feels like a forced relationship. So, for example, it's like, God, he gives you the option. If you choose him, then you go to Paradise. But don't choose him, you or die. That's you're making a decision under duress, right? So kind of going back to the other thing I said, previously, like, it feels like if I don't force it, I don't just save my dad. Like, there's no, um, it feels like their relationship can't have organical. It feels like, if you don't, identify as either Christian or identify as a son, or if you don't just do those things as opposed to allowing the Lord to convince you of these things, then you're going to hell. You know what I mean? But that's also the God that's loving and kind and merciful and. And that's just, I'm primarily referring to how God is presented, and now he's defended. And I would be saying that I' based off of what you read, you know? But my struggles aren't South vivid parts of this. It's more about the relationship components. But let me get to the other one. I think that was the last one. I'll end it with this. One thing that I've been like last week I was talking to one of my co and friends, my oldest friend, and just rapping about like, like how it's been spiritually and I share with him, I like, bro, I feel like giving up on the board, man. I just walking away from the face. and we end up getting it's like a I hate discussion about it because I was just venting and so he was offended. And I would say, rightfully so, because it's like, when it comes to someone being your brother in ours and the Lord for years, and then you just say what you say, or say what I just said, then it becomes challenging to process it the fits of this is only the, you know, reli block, but but I was going to articulate, man, like, I'm just getting sick of people describing God as this relational person. But when I when I reached out to him in no response, it you can't it just I can't justify that he is relationable. but being told that I had to make that work is is like, it's like mine, excuse my life, but it's like mind fucker. Because when I, and I also said this, I was like, dude, like, what I'm looking for is attunement. Atonement. I don't feel sane by God. I don't feel known by God. I feel like the only times that feel somewhat seen is through these, like, abstract moments where you know, Kale, when the wind blew slightly left, that was God, like letting you know that it's okay. He loves you. Get the fuck out of here, bro. For me, I'm a plain person. Speak to me plainly. So when it's again, it goes back to this, like, if it's not clear, you got to mix some shit up. You have to reconcile it. So it can't be that God believe you and abandon you, so it has to be you. You have to be the issue. And so I'm just tired of being blamed. for something. Then I'm making placefully clear that I want to be with him, you know? so a tuman has to do with being seen by God, being known by God. But the thing is you to know that you're known. You know that you're seen. It's not something that you at the life. Like, makeup or it's not difficult to see. You know? Like Moses, I go back to the story many parts of the story, but the one is like when when he said, Lord, I won't go up this mountain if you're not going with me. I need to see your face. And got allow him to see his hind parts. And then Moses said, for now, I've seen God's compassion and grace. It's gracefulness. It was something that was missing. It's something that they didn't know about God. And I was like, part of that part was being a tune. He lacked something that was necessary for him to go deeper in his walk with God. And the same way, so am I. Moses says that to God and God responded 24 hours later. I've asked every single day since March of last year. At minimum four times, four times. to know God as a dad, to know him and to feel him, and to experience him, to be embraced by him. to remove whatever's blocking it. That's over 800 times. And I'm only calculating it to quantify my desperation, to qualify my earnestness, in my sincerity, you know what I'm saying? So I'm entering a New Year, January 1st. And it's still the same thing. So, but I did feel really good that you checked out that song and that you liked it. I listened to it every once in a while. I felt moved that you were moved, by, sure. So, but, yeah, I love you, man.",,,2026-03-15 04:05:14+00,2026-03-15 04:08:07+00
f7da5551-8ebe-408c-aae8-e0a1f3d0a22a,43601b86-a80e-4e60-83b9-d22cb0723b5f,"Hey, hey, Bob Clay, how you doing? I'm finally getting to your questions from November 9. This may be might be a message my apologies. When it comes to like, Milwauu Lord, this has been the best part, which is like, the Ya had a space. talk things out with others and an honorable way. So yeah, so here we go. All right. So the first question is, oh, maybe it does is more like a categorical question. How do you enjoy God?. When you say there is a connection between the struggle to know what I'm saying guy, and to trust him. Ourself and God can't be hindered to trust when our child and parent image is a big part of that h. There's a fear of our being alone without the challenging. These are not questions I am prepared to answer for you, but the questions for you to ponder. These are not questions I am prepared. I'm tired. So here's a backdrop for me actually I got asked this question last week. Here's the scenario. My buddy, he's considering given his life Jesus. He He believes that he's a sinner. He wants to put his faith in Jesus. What he's attracted to, though, also, is the personhood of Jesus, you know? Let's presume that this partner, this gentleman, has gone through a lot of, like, legalistic approaches to faith. And he likes the idea of Jesus being a real person. And so he says, he, like, I'll be willing to consider giving my life to Jesus, or at least be a bit close to that idea if I can meet with him. If I can get to know him as a person. and I donned the pl a part of me that was like, well, I don't really know how to answer that. I can't force changes to come down here to meet you. I can't have the father come down here to meet you. I can't have the Holy Spirit to meet you. Now, do they do those things for sure? But I can't force that. But he sings very sincere. And that's that's kind of where I'm not that dilemma of we talk about a God being so relational, but the only thing that Christians typically say to relate to him is through scripture. And the thing is they' typically misquoting scripture. We have a God that's relational, tangent, sorry, tangible, personal, but we we demonstrate him as being primarily, if not only theoretical, philosophical, or intellectual. So, typically, their response to my friend would be, you know, just go through the text, get comforted in the word of God, you know, just allow the word of God to meet you face to face so you can make a decision. But if he's saying, hey, like.. I just want to meet him. Why I wonder why that why is that response typically met with an If someone says, hey, I want to know him heart to heart, why is it typically met with an intellectual response? Because if it was Clay, let's say if I had a buddy who's heard a lot about you. He's like, man, and I know that you're someone that wants to meet more people, more gentlemen, right? And just, you know, hypothetically, right? You may be too busy. But let's say this person in the chair and that you're shopping for more brothers to invest in. And I. And I say, hey, man, like, how about this? I'm going to just tell you stories about them. About how great of a person he is. But I can't really introduce you to him because you know, he's too busy or whatever that may be, right? You probably you little broken hearted by a lot. You Come on, Kel, you know I can just chat with him for five ten minutes. But why is it that when it comes to guy You puts so in barriers. And I think it's, sorry, we put so many barriers to request, like, I want to meet them, I want to know, I want to feel his presence. We relegant always to the word. And I think it's different a control. Because if we say, Lord, you know, your word says that for two more gathere, you're in the mess and many of us that prayed that prayer with our friend, hoping that you would be there, that you your presence would be felt. That doesn't takes place. So the reconcile that that pain of pain, like, I thought he would come, we, well, you know, he was here, just, you know, intellectually. He was here intellectually, you know, like, we don't need to feel it. You just need to know it intellectually. It's like, okay. So then that becomes the new guy, right? When things don't, when we pray and things that work out according to the Word, we have to figure out a way to reconcile it and then we end up saying, you know what? He doesn't do those things. It's all intellectual. It's an intellectual ascent of of thyself. We don't need these emotionalistic experiences. We get comfort in our suffering for Christ, you know? and again, it's a half truth. It's not all of it. That's only part of it so um so that's the that's the backdrop to like how things have been, primarily to your question, how do you enjoy God? It's kind of hard to, because I know that there are three large claims that the Bible makes. One, that the God of Abraham or, you know, you know, the, you know, God is real. Two, like, God is a person. of in three, that person wants to be closed because the person is close. That's why one of the reasons why Jesus just died, not just for us to be freed from the wages of sin for us to have communion with the Holy Spirit, the Father and the Son. But what happens when someone has yet to experience all three of these assertions, so it's kind of hard for me to enjoy God most of the time. because I know that he's real. I know that he's a person. But I don't know if he's a personal to me. It'd be the same as me building a relationship, trying to build a relationship with the physical person. I've heard about you. I've even, like.. heard from you from other people. But I don't know you know you as a person. Yeah, you may have come to the parties at times or come over every once in a while. but most of the time I'm. I'm trying to engage with you, but there's no feedback loop. There's no responses. And I'm being forced to relegate that like a response as a moment to intellectually ascin emotionalism. while denying that emotion, like denying that having an emotional connection with the Lord is consequential to our faith. So, yeah, so I don't really know how to answer that first one. I guess I'm not enjoying it that much. I don't enjoy them that much. Most of the time. The only times I do is when people ask me questions about how I feel about them. That's where I feel a little bit more hopeful, because I guess I feel seen And so let me go to the other things that you share. Yeah, there's a connection between the struggle to know and understand God and trust them. Understand God and trust them. Yeah, I think that this is interesting because it kind of goes back to what I said before that if there's the Bible is relational and mechanical. If you do this, then this happens, right? Some say, no, it's not. No, that's not true. It is. You have not because you ask, not act and you shall receive. It's very conditional in many senses, but it's very relational over art, like from an overarch review, you know? So when it comes to the connection between the struggle to know and understand, that I can trust him, it's hard to trust someone. You don't know, and that's very, someone said it's inflammatory for me to say. It's I can't even look for the Lord since you were eight and XY and Z. It's like, for sure. So again, I'm not questioning my salvation. I question relationship. Because I started to recognize I don't know him when I said asking myself these questions. If I called, if I like wanted to have a dialogue with God, do I believe that he would respond? No. Now you know what I did say, though? If I were to have a dialogue with God, well, not dialogue, the dialogue deals with it's both parties. I am not sure, but I'm sorry, man. Good luck. Sorry about that. So when it comes to a dialogue, when it comes to a dialogue, it has to have a person that shares the message and a person that responds to vice vers. But if I were to be X, hey, man, if I were to say something. out loud, do I believe God will hear it? Absolutely. But do I believe he would respond? No. So when I said that, at the actress of are their relationships that I have with people, where if I were to say something with they actually respond? ""Oh, absolutely. All of my closest friends. So then I'm like, "" damn. If it was a syllogism. If all of my closest friends are people that respond to me. And if God does not respond to me, does that he's not a close friend. And that may sound really wild to say, but what other Framework do I use to decide that? 'Cause typically when it comes to individuals identifying people as either a wife or husband or friend or brother, it's usually involving some form of consent. It has to be like a it needs to be emotionally and intellectually honest. And so I can't say that God's a friend just because the Bible says he's a friend, right? I can't say that. That's something that has to be known and felt. I should say known, because known has to do with understood and felt. So I need to be known, understood and felt. I align with scripture. But I only align with it. primarily intellectually. So understood. but not felt. And continue to say, oh, God, is my friend, and God is my father, and God is this, and God is that. Continue to just articulate that. It feels very intellectually dishonest. It's one thing if I was making declaring things over my own life, like, I'm a son of God, that's a little bit more easier for me to do. Because the thing is, I know that I's just say I know. I understand that I'm a son. I understand. that I am a, um an Arab guy in a joint Arab of Jesus and you know,i over Christ and he of the blessing of Abraham, I understand that. I don't know that. I don't know that. um so I get really weirded out because if it was like people are forcing in a relationship upon me, just say Dean, this is your brother. Just say it, man. You don't need to like feel it. Just stop doing that. It feels like a forced relationship. And I am daily. asking the Lord to embrace me and counterment, because I am this time. I want to know what them. I don't just want to understand it intellectually. I want it to be felt. as well. So yeah, yeah, when it's when it's not long, but when it's not felt for me, it's hard to trust him. It's just like any other relationship. Like, I don't. I think the thing is that people misunderstand it about me. I'm not saying anything to know everything about God. There were just consequential truths that need to be understood and felt. And that involves adoption salvation. I think if you get the adoption for the salvation for comes a little bit more easier. But So yeah, that's a yeah, sorry But, um some random guy just tried to, I don't know what he was asking. But anyway, sorry. I'm walking outside, so late. It's not even that late. It's only 6 o'clock, but it's dark. Sorry anyway so it's hard to trust someone you don't know. And I guess I got to know someone. Like, I know my closest friends. even though I don't know everything about them, I don't know if three of you are going to be here tomorrow, but I have enough for four with them to be to say oh yeah yeah yeah those are my boys my brothers, but I can't. And the biggest part is because I can't dialogue. I try to dialogue dialogue with him, but he doesn't respond. And so I know that people typically would say, well, he's done. You know, God is not respond to He responds his own time. You can't force God new thing. You can't force God. That's such a defensive response. It's tacky to me, but you would also say that night people would also say, oh, but he's he's a loving God, but you can't force him to respond on your terms and I'm like, oh, my God. How do you expect someone to just be close to them then, if he doesn't respond? So, to me, when it comes to a welcome God, many questions articulated as as something that's like, you have to intellectually also, like dissuade yourself in common sense. and I'm like, you know, I'm nothing on. I can't do that. I'm lying. I was like, if I don't lie, then I'm not compliant. right? So yeah, I, yeah, it would be easier to trust him, knowing him, you know, given that I know him father as my dad, as opposed to just this person that is more like a taskmaster. You know, so this joint's getting long winded. Praise's got. There's a fear of me being alone without him challenging me.. Yeah, I feel like the fear, because it doesn't feel like a legit option to choose God. Right? So, what feels, it feels like a forced relationship. So, for example, it's like, God, he gives you the option. If you choose him, then you go to Paradise. But don't choose him, you or die. That's you're making a decision under duress, right? So kind of going back to the other thing I said, previously, like, it feels like if I don't force it, I don't just save my dad. Like, there's no, um, it feels like their relationship can't have organical. It feels like, if you don't, identify as either Christian or identify as a son, or if you don't just do those things as opposed to allowing the Lord to convince you of these things, then you're going to hell. You know what I mean? But that's also the God that's loving and kind and merciful and. And that's just, I'm primarily referring to how God is presented, and now he's defended. And I would be saying that I' based off of what you read, you know? But my struggles aren't South vivid parts of this. It's more about the relationship components. But let me get to the other one. I think that was the last one. I'll end it with this. One thing that I've been like last week I was talking to one of my co and friends, my oldest friend, and just rapping about like, like how it's been spiritually and I share with him, I like, bro, I feel like giving up on the board, man. I just walking away from the face. and we end up getting it's like a I hate discussion about it because I was just venting and so he was offended. And I would say, rightfully so, because it's like, when it comes to someone being your brother in ours and the Lord for years, and then you just say what you say, or say what I just said, then it becomes challenging to process it the fits of this is only the, you know, reli block, but but I was going to articulate, man, like, I'm just getting sick of people describing God as this relational person. But when I when I reached out to him in no response, it you can't it just I can't justify that he is relationable. but being told that I had to make that work is is like, it's like mine, excuse my life, but it's like mind fucker. Because when I, and I also said this, I was like, dude, like, what I'm looking for is attunement. Atonement. I don't feel sane by God. I don't feel known by God. I feel like the only times that feel somewhat seen is through these, like, abstract moments where you know, Kale, when the wind blew slightly left, that was God, like letting you know that it's okay. He loves you. Get the fuck out of here, bro. For me, I'm a plain person. Speak to me plainly. So when it's again, it goes back to this, like, if it's not clear, you got to mix some shit up. You have to reconcile it. So it can't be that God believe you and abandon you, so it has to be you. You have to be the issue. And so I'm just tired of being blamed. for something. Then I'm making placefully clear that I want to be with him, you know? so a tuman has to do with being seen by God, being known by God. But the thing is you to know that you're known. You know that you're seen. It's not something that you at the life. Like, makeup or it's not difficult to see. You know? Like Moses, I go back to the story many parts of the story, but the one is like when when he said, Lord, I won't go up this mountain if you're not going with me. I need to see your face. And got allow him to see his hind parts. And then Moses said, for now, I've seen God's compassion and grace. It's gracefulness. It was something that was missing. It's something that they didn't know about God. And I was like, part of that part was being a tune. He lacked something that was necessary for him to go deeper in his walk with God. And the same way, so am I. Moses says that to God and God responded 24 hours later. I've asked every single day since March of last year. At minimum four times, four times. to know God as a dad, to know him and to feel him, and to experience him, to be embraced by him. to remove whatever's blocking it. That's over 800 times. And I'm only calculating it to quantify my desperation, to qualify my earnestness, in my sincerity, you know what I'm saying? So I'm entering a New Year, January 1st. And it's still the same thing. So, but I did feel really good that you checked out that song and that you liked it. I listened to it every once in a while. I felt moved that you were moved, by, sure. So, but, yeah, I love you, man.",,,2026-03-15 04:03:33+00,2026-03-15 04:08:06+00
5360c8a4-7cd5-42e9-9fee-140f8dec8a05,43601b86-a80e-4e60-83b9-d22cb0723b5f,"you in the face are evidence of a crime and more than enough evidence to predicate an investigation against former Prince Andrew. So I ask you, Attorney General Pambani, why did you shut down this investigation last year, why have you not prosecuted former Prince Andrew? I don't believe you asked Merrick Garland these questions when he was Attorney General in South of the-- I agree with you. You talk. I'm not going to agree with you. I agree with you. During the Biden administration I called for people looking at F-steem files Marigarne then dropped the ball as the editorial general Bill Barr as the Alex Acosta a whole string of failures But you are in charge you have the power to change things a whole these men and count on hope and you're doing the opposite You're protecting them. So I want to move on to another man [BLANK_AUDIO]",,,2026-03-15 03:58:30+00,2026-03-15 04:00:36+00
67c4d71f-6ec0-457d-a66a-8d9249cf6901,43601b86-a80e-4e60-83b9-d22cb0723b5f,"but absolutely despicable that you sought to protect Epstein's clients like former Prince Andrew. Latch your lie, you closed the case on Epstein's abusers. The July of 2025 medal from your Department of Justice stated, quote, ""We did not uncover evidence",,,2026-03-15 03:57:28+00,2026-03-15 04:00:34+00
06d152eb-8071-491d-a058-09509090077a,a2848a08-8147-4cac-acb5-a39f0f7538df,"look too dark for your taste. And so you voted to deport and to terrorize certain members of the community because you don't want the community of America to look a certain way. And just admit, you have people Limited Iowa, tell my border security. Nebraska. You live in Nebraska. What are you talking about? What? We're worried about any invasion. Living in a middle part of the country, we ain't no border enough to know to any country. You need border in Canada. Talking about... I'm worried about what a security. Living in Connecticut. Oh, what? We see you. So, I get it. You know, it's kind of like I remind, I remind other people when we start talking about pop culture and television. Let's just say reality shows. I might not most say it. Let's just say reality shows. Right? A lot of people Like reality shows But they don't like to admit they actually like reality shows So you get a whole lot of people talking about how are they on these shows? Oh, they're just they're just so crass. I don't like them But I like y'all on here watching PBS. Also, so they ain't nobody watching love in hip-hop The real housewives franchise just magically Exist for no reason because nobody watching and everybody's too elevated and high ground to watch these things You watch them it is [ you can't do it ] [Music] Good morning, good morning, good morning family. Okay, we are a few minutes late. It's so crazy. Because just last week, I told you all, we were not gonna be on CP time. Okay? (laughs) But here we are. We're right in the get the shell started. - Damn. - Let me know. - That's a big one. - Can't hear me. I know yesterday when we started, we had some issues with the audio. I went back, I double checked, and it was all on me, right? Over the weekend I wanted to restart all of my systems, my likes, my audio, all the things. And I wanted to just restart and make sure that everything was all good. So anyways, it was just one little button. One button is crazy how one button can screw up all of technology. So tap in, you guys know what to do. Let me know where you are watching from, our YouTube family. Let me know you are in the building. I would love to hear from you. I used to get morning to you, good morning to you, La Shanda. You guys are in here and in here on time. Again, I am sorry that we started with you in this late. But yeah, he used to look because I just want to make sure we have a new shelter. Yeah, that's all. Make sure we have a new show. And we have a lot to get to. So yesterday, as I was going through the comments, I was like, I feel like we're trying to move on too fast. And some of you were like, I'm still a little bothered. and a little hurt. So we're gonna spend some time today having a family meeting of sorts, okay? - Okay. - So I do wanna ask you something. I got to thinking this week, especially after seeing your comments on our live, and we can't just expect Texas voters or any voters who feel left out of the conversation to just move on. That's almost like some of the commentary that I have been seeing has been to hell with how you're feeling and let's move on from all of this, right? But what happens after the primary election is over, but the real conversation is just beginning. Because in Texas right now, the Democratic Senate primary may be decided, but the coalition that has to win in November, well, that is still very much up for debate. State Representative James Calorito has officially defeated Congresswoman Jasmine Crockett and one of the most closely watched Democratic primaries in the country. And y'all must be real, y'all know Texas on the Democratic side, They had that kind of action in a really, really long time. So here's the question a lot of voters have, especially Black women. What happens next? Black people and especially the Black women voters were some of the strongest supporters of Jasmine Croft's campaign, and across Texas, many are saying the same thing. If Democrats want to win statewide, they cannot take Black women for granted, and neither can they take Black voters. And let's be honest, Black women, especially, have been the backbone of the Democratic Party and turn out for decades. So now that the primary is over, some voters are asking, will Jennings-Towel-Rickle show up in black communities the same way Jasmine Crocodita? Will he listen to voters who may not have chosen him in the primary, and will he address issues that many black women say are still being ignored? We're talking things like economic opportunity, health care, affordability, support for black businesses, and representation that actually feels authentic. Now, before the primary route, I actually had a chance to sit down with state representative James Tyler Riegel, and I asked him specifically about reaching voters may not initially support him, and I want to play a clip from that interview now. A lot of the people who watch me are black women. I always like to mention that when you think about them specifically, what do you want them to know about you right now. - Well, I'd like to introduce myself, you know, I'm probably most unknown, candidate and either party in the Senate race. And so that's incumbent upon me to introduce myself to black women across the state, all black voters across the state, and try to earn their trust, earn their respect, and maybe earn their support. Either way, regardless of who wins this primary, there's no way to win Texas without black voters. And so listen to their concerns and ensuring that they have placed in this campaign and see themselves in this campaign is a top priority for me. - Given that history, what is genuinely different about your strategy to finally change the outcome? - Yeah, we have to win in a democracy, if you don't win, you can't help people. And as a four-term member of the Texas legislature, I've seen the consequences of losing elections up close, I've seen my constituents get hurt. I've seen all kinds of communities get hurt, but particularly, why folks in my district who can access basic reproductive care, who have their neighborhood schools closing, who are working more hours than ever and can't seem to get ahead, can't afford to live in the homes that they've lived in for 10, 20, 30 years. And so I know that we have to win. And that is what my campaign is focused on. - Now this is something that Jake Salarinko has acknowledged himself publicly. In an interview with Politico ahead of the primary, he said, this, I completely understand if I'm not black Texas first choice in this race, but I would love to be their close second choice. And if I don't get into this, get it in this race, I hope to have it in the general election. And even during this campaign, there were also some moments of tension that some of you may remember. You might remember that controversy around the viral allegation that Tallahrene go referred to former Congress McCollan all read as a quote, ""medialver black man."" Now this is something Talleriko has said was a mischaracterization of a private conversation, but whether people believe that explanation or not, it's far, very much deeper conversation that I think we need to have inside the Democratic Party about race, coalition building, and even trust. And here's something important I wanna say from my own experience, personal interaction with them was respectful. It was thoughtful, it was genuinely open to dialogue, but as maybe the reporter will tell you, one interview does not answer the bigger question that voters are asking. So I want to hear from you. Those questions that I've seen across the internet and across many circles is how do we build trust across communities that did initially support you? How do you do that authentically? Because in a state like Texas, where Democrats have a one statewide in more than 30 years, every part of the coalition matters. Black voters, Latino voters, young voters, moderate voters, everyone. And that is exactly why our group of voters here in Texas decided,",,,2026-03-15 03:22:26+00,2026-03-15 03:22:26+00
e012b9df-ed64-4524-8b12-640cabdb68a8,a2848a08-8147-4cac-acb5-a39f0f7538df,"Mic check. Super bass, super bass. ♪ Bum-bum-bum-bum ♪ ♪ Badass, super bass, super bass, super bass ♪ You got a nice face, but I really want to know with your heart taste. Hey, that's pretty bell. Heart taste? Ain't talking about cannibalism. I'm just trying to make sure... That I'm a fan of your isms. AHHHHH!",,,2026-03-14 18:44:05+00,2026-03-14 18:44:05+00
520c45a3-c065-408a-8dfa-5d43ae5329fb,a2848a08-8147-4cac-acb5-a39f0f7538df,"My check, my check, my check.",,,2026-03-14 18:42:48+00,2026-03-14 18:42:48+00
c4b0ed36-6ca2-4e87-8f31-5a4dd2a1e6ee,9a8decb3-8c99-4151-8023-8a8f331d8239,Suppose,,,2026-03-14 18:36:57+00,2026-03-14 19:02:08+00
29c50ce6-2c58-49b4-9bc7-bf083fcfc472,9a8decb3-8c99-4151-8023-8a8f331d8239,"Good morning, how are you?",,,2026-03-14 13:53:02+00,2026-03-14 19:02:08+00
cb21c4d2-3002-4199-baf8-7dd1d5a1af5b,9a8decb3-8c99-4151-8023-8a8f331d8239,"Mic check, mic check, mic check.",,,2026-03-14 13:49:48+00,2026-03-14 19:02:08+00
a309980a-e716-4ee6-b5ae-42af2dd51ad7,9a8decb3-8c99-4151-8023-8a8f331d8239,"Hey, hey, Bob Clay, how you doing? I'm finally getting to your questions from November 9. This may be might be a message my apologies. When it comes to like, Milwauu Lord, this has been the best part, which is like, the Ya had a space. talk things out with others and an honorable way. So yeah, so here we go. All right. So the first question is, oh, maybe it does is more like a categorical question. How do you enjoy God?. When you say there is a connection between the struggle to know what I'm saying guy, and to trust him. Ourself and God can't be hindered to trust when our child and parent image is a big part of that h. There's a fear of our being alone without the challenging. These are not questions I am prepared to answer for you, but the questions for you to ponder. These are not questions I am prepared. I'm tired. So here's a backdrop for me actually I got asked this question last week. Here's the scenario. My buddy, he's considering given his life Jesus. He He believes that he's a sinner. He wants to put his faith in Jesus. What he's attracted to, though, also, is the personhood of Jesus, you know? Let's presume that this partner, this gentleman, has gone through a lot of, like, legalistic approaches to faith. And he likes the idea of Jesus being a real person. And so he says, he, like, I'll be willing to consider giving my life to Jesus, or at least be a bit close to that idea if I can meet with him. If I can get to know him as a person. and I donned the pl a part of me that was like, well, I don't really know how to answer that. I can't force changes to come down here to meet you. I can't have the father come down here to meet you. I can't have the Holy Spirit to meet you. Now, do they do those things for sure? But I can't force that. But he sings very sincere. And that's that's kind of where I'm not that dilemma of we talk about a God being so relational, but the only thing that Christians typically say to relate to him is through scripture. And the thing is they' typically misquoting scripture. We have a God that's relational, tangent, sorry, tangible, personal, but we we demonstrate him as being primarily, if not only theoretical, philosophical, or intellectual. So, typically, their response to my friend would be, you know, just go through the text, get comforted in the word of God, you know, just allow the word of God to meet you face to face so you can make a decision. But if he's saying, hey, like.. I just want to meet him. Why I wonder why that why is that response typically met with an If someone says, hey, I want to know him heart to heart, why is it typically met with an intellectual response? Because if it was Clay, let's say if I had a buddy who's heard a lot about you. He's like, man, and I know that you're someone that wants to meet more people, more gentlemen, right? And just, you know, hypothetically, right? You may be too busy. But let's say this person in the chair and that you're shopping for more brothers to invest in. And I. And I say, hey, man, like, how about this? I'm going to just tell you stories about them. About how great of a person he is. But I can't really introduce you to him because you know, he's too busy or whatever that may be, right? You probably you little broken hearted by a lot. You Come on, Kel, you know I can just chat with him for five ten minutes. But why is it that when it comes to guy You puts so in barriers. And I think it's, sorry, we put so many barriers to request, like, I want to meet them, I want to know, I want to feel his presence. We relegant always to the word. And I think it's different a control. Because if we say, Lord, you know, your word says that for two more gathere, you're in the mess and many of us that prayed that prayer with our friend, hoping that you would be there, that you your presence would be felt. That doesn't takes place. So the reconcile that that pain of pain, like, I thought he would come, we, well, you know, he was here, just, you know, intellectually. He was here intellectually, you know, like, we don't need to feel it. You just need to know it intellectually. It's like, okay. So then that becomes the new guy, right? When things don't, when we pray and things that work out according to the Word, we have to figure out a way to reconcile it and then we end up saying, you know what? He doesn't do those things. It's all intellectual. It's an intellectual ascent of of thyself. We don't need these emotionalistic experiences. We get comfort in our suffering for Christ, you know? and again, it's a half truth. It's not all of it. That's only part of it so um so that's the that's the backdrop to like how things have been, primarily to your question, how do you enjoy God? It's kind of hard to, because I know that there are three large claims that the Bible makes. One, that the God of Abraham or, you know, you know, the, you know, God is real. Two, like, God is a person. of in three, that person wants to be closed because the person is close. That's why one of the reasons why Jesus just died, not just for us to be freed from the wages of sin for us to have communion with the Holy Spirit, the Father and the Son. But what happens when someone has yet to experience all three of these assertions, so it's kind of hard for me to enjoy God most of the time. because I know that he's real. I know that he's a person. But I don't know if he's a personal to me. It'd be the same as me building a relationship, trying to build a relationship with the physical person. I've heard about you. I've even, like.. heard from you from other people. But I don't know you know you as a person. Yeah, you may have come to the parties at times or come over every once in a while. but most of the time I'm. I'm trying to engage with you, but there's no feedback loop. There's no responses. And I'm being forced to relegate that like a response as a moment to intellectually ascin emotionalism. while denying that emotion, like denying that having an emotional connection with the Lord is consequential to our faith. So, yeah, so I don't really know how to answer that first one. I guess I'm not enjoying it that much. I don't enjoy them that much. Most of the time. The only times I do is when people ask me questions about how I feel about them. That's where I feel a little bit more hopeful, because I guess I feel seen And so let me go to the other things that you share. Yeah, there's a connection between the struggle to know and understand God and trust them. Understand God and trust them. Yeah, I think that this is interesting because it kind of goes back to what I said before that if there's the Bible is relational and mechanical. If you do this, then this happens, right? Some say, no, it's not. No, that's not true. It is. You have not because you ask, not act and you shall receive. It's very conditional in many senses, but it's very relational over art, like from an overarch review, you know? So when it comes to the connection between the struggle to know and understand, that I can trust him, it's hard to trust someone. You don't know, and that's very, someone said it's inflammatory for me to say. It's I can't even look for the Lord since you were eight and XY and Z. It's like, for sure. So again, I'm not questioning my salvation. I question relationship. Because I started to recognize I don't know him when I said asking myself these questions. If I called, if I like wanted to have a dialogue with God, do I believe that he would respond? No. Now you know what I did say, though? If I were to have a dialogue with God, well, not dialogue, the dialogue deals with it's both parties. I am not sure, but I'm sorry, man. Good luck. Sorry about that. So when it comes to a dialogue, when it comes to a dialogue, it has to have a person that shares the message and a person that responds to vice vers. But if I were to be X, hey, man, if I were to say something. out loud, do I believe God will hear it? Absolutely. But do I believe he would respond? No. So when I said that, at the actress of are their relationships that I have with people, where if I were to say something with they actually respond? ""Oh, absolutely. All of my closest friends. So then I'm like, "" damn. If it was a syllogism. If all of my closest friends are people that respond to me. And if God does not respond to me, does that he's not a close friend. And that may sound really wild to say, but what other Framework do I use to decide that? 'Cause typically when it comes to individuals identifying people as either a wife or husband or friend or brother, it's usually involving some form of consent. It has to be like a it needs to be emotionally and intellectually honest. And so I can't say that God's a friend just because the Bible says he's a friend, right? I can't say that. That's something that has to be known and felt. I should say known, because known has to do with understood and felt. So I need to be known, understood and felt. I align with scripture. But I only align with it. primarily intellectually. So understood. but not felt. And continue to say, oh, God, is my friend, and God is my father, and God is this, and God is that. Continue to just articulate that. It feels very intellectually dishonest. It's one thing if I was making declaring things over my own life, like, I'm a son of God, that's a little bit more easier for me to do. Because the thing is, I know that I's just say I know. I understand that I'm a son. I understand. that I am a, um an Arab guy in a joint Arab of Jesus and you know,i over Christ and he of the blessing of Abraham, I understand that. I don't know that. I don't know that. um so I get really weirded out because if it was like people are forcing in a relationship upon me, just say Dean, this is your brother. Just say it, man. You don't need to like feel it. Just stop doing that. It feels like a forced relationship. And I am daily. asking the Lord to embrace me and counterment, because I am this time. I want to know what them. I don't just want to understand it intellectually. I want it to be felt. as well. So yeah, yeah, when it's when it's not long, but when it's not felt for me, it's hard to trust him. It's just like any other relationship. Like, I don't. I think the thing is that people misunderstand it about me. I'm not saying anything to know everything about God. There were just consequential truths that need to be understood and felt. And that involves adoption salvation. I think if you get the adoption for the salvation for comes a little bit more easier. But So yeah, that's a yeah, sorry But, um some random guy just tried to, I don't know what he was asking. But anyway, sorry. I'm walking outside, so late. It's not even that late. It's only 6 o'clock, but it's dark. Sorry anyway so it's hard to trust someone you don't know. And I guess I got to know someone. Like, I know my closest friends. even though I don't know everything about them, I don't know if three of you are going to be here tomorrow, but I have enough for four with them to be to say oh yeah yeah yeah those are my boys my brothers, but I can't. And the biggest part is because I can't dialogue. I try to dialogue dialogue with him, but he doesn't respond. And so I know that people typically would say, well, he's done. You know, God is not respond to He responds his own time. You can't force God new thing. You can't force God. That's such a defensive response. It's tacky to me, but you would also say that night people would also say, oh, but he's he's a loving God, but you can't force him to respond on your terms and I'm like, oh, my God. How do you expect someone to just be close to them then, if he doesn't respond? So, to me, when it comes to a welcome God, many questions articulated as as something that's like, you have to intellectually also, like dissuade yourself in common sense. and I'm like, you know, I'm nothing on. I can't do that. I'm lying. I was like, if I don't lie, then I'm not compliant. right? So yeah, I, yeah, it would be easier to trust him, knowing him, you know, given that I know him father as my dad, as opposed to just this person that is more like a taskmaster. You know, so this joint's getting long winded. Praise's got. There's a fear of me being alone without him challenging me.. Yeah, I feel like the fear, because it doesn't feel like a legit option to choose God. Right? So, what feels, it feels like a forced relationship. So, for example, it's like, God, he gives you the option. If you choose him, then you go to Paradise. But don't choose him, you or die. That's you're making a decision under duress, right? So kind of going back to the other thing I said, previously, like, it feels like if I don't force it, I don't just save my dad. Like, there's no, um, it feels like their relationship can't have organical. It feels like, if you don't, identify as either Christian or identify as a son, or if you don't just do those things as opposed to allowing the Lord to convince you of these things, then you're going to hell. You know what I mean? But that's also the God that's loving and kind and merciful and. And that's just, I'm primarily referring to how God is presented, and now he's defended. And I would be saying that I' based off of what you read, you know? But my struggles aren't South vivid parts of this. It's more about the relationship components. But let me get to the other one. I think that was the last one. I'll end it with this. One thing that I've been like last week I was talking to one of my co and friends, my oldest friend, and just rapping about like, like how it's been spiritually and I share with him, I like, bro, I feel like giving up on the board, man. I just walking away from the face. and we end up getting it's like a I hate discussion about it because I was just venting and so he was offended. And I would say, rightfully so, because it's like, when it comes to someone being your brother in ours and the Lord for years, and then you just say what you say, or say what I just said, then it becomes challenging to process it the fits of this is only the, you know, reli block, but but I was going to articulate, man, like, I'm just getting sick of people describing God as this relational person. But when I when I reached out to him in no response, it you can't it just I can't justify that he is relationable. but being told that I had to make that work is is like, it's like mine, excuse my life, but it's like mind fucker. Because when I, and I also said this, I was like, dude, like, what I'm looking for is attunement. Atonement. I don't feel sane by God. I don't feel known by God. I feel like the only times that feel somewhat seen is through these, like, abstract moments where you know, Kale, when the wind blew slightly left, that was God, like letting you know that it's okay. He loves you. Get the fuck out of here, bro. For me, I'm a plain person. Speak to me plainly. So when it's again, it goes back to this, like, if it's not clear, you got to mix some shit up. You have to reconcile it. So it can't be that God believe you and abandon you, so it has to be you. You have to be the issue. And so I'm just tired of being blamed. for something. Then I'm making placefully clear that I want to be with him, you know? so a tuman has to do with being seen by God, being known by God. But the thing is you to know that you're known. You know that you're seen. It's not something that you at the life. Like, makeup or it's not difficult to see. You know? Like Moses, I go back to the story many parts of the story, but the one is like when when he said, Lord, I won't go up this mountain if you're not going with me. I need to see your face. And got allow him to see his hind parts. And then Moses said, for now, I've seen God's compassion and grace. It's gracefulness. It was something that was missing. It's something that they didn't know about God. And I was like, part of that part was being a tune. He lacked something that was necessary for him to go deeper in his walk with God. And the same way, so am I. Moses says that to God and God responded 24 hours later. I've asked every single day since March of last year. At minimum four times, four times. to know God as a dad, to know him and to feel him, and to experience him, to be embraced by him. to remove whatever's blocking it. That's over 800 times. And I'm only calculating it to quantify my desperation, to qualify my earnestness, in my sincerity, you know what I'm saying? So I'm entering a New Year, January 1st. And it's still the same thing. So, but I did feel really good that you checked out that song and that you liked it. I listened to it every once in a while. I felt moved that you were moved, by, sure. So, but, yeah, I love you, man.",,,2026-03-14 13:24:01+00,2026-03-14 19:02:08+00
dcfa1bcb-f39f-4689-803e-3bf0ef794c74,9a8decb3-8c99-4151-8023-8a8f331d8239,"Okay. Um, so on here, all you got to do is have them, you give them your member ID and your group number, it'll be built to Blue Cross Blue Shield, and you can go that way about it. So she said that the member ID isn't working. When she gave it to the last person, or sorry, when she tried to do it online, I guess. Did she remove the three letters in the beginning because you can't leave that You just have to use 943430183. So the three characters up front. Yes, you wouldn't use that. Okay, okay. No, I'm not sure if she did that or not. But is a particular website she would do this online? Well, just depends what systems does she use, because some therapists useilities. They're just different methods of how they build it. I'm not particularly sure how they do that. Did they mention to you how they did it? Uh, let me just read the message. So it was, hey, been trying to call your insurance to renew the contract. Magellan would no longer be managed, according to Blue Cross Blue Shield. They gave me a number directly to call. But when I put in your member ID, it comes back as if it's not in a system. And so then that's when they encourage me to reach out to you guys personally. Let me try something over here. Yeah, becauseause she I think she wants to know, like, who can she talk to regarding a single patient agreement? Because that's that's what we have. oh, I see what you're saying. Like the line Basically where she can speak to someone that's not like me. Like, I would talk to you, but if there's the doctor wanted to, she would call in and she would talk to them, correct? Yes, if they gave her this four or five's 8004510287 I think that's the provider line, but it looks like she probably wasn't able to get through. Well, did you say, wait, could you repeat that to me one more time? 800-4510287. Yeah, that is the actual provider line. Now, I don't know when she called, but I know that we worked New Year's Eve and it was it's just been flam busy. And today, it's even busier. I don't know how long' away, but I know people have been waiting for hours on the line. It's just there's so many people coming in. Yeah. Okay. I don't know the thing, but I do that can't is 00096 Okay. And then, so you are familiar with single patient agreements, right?. And then, yes, because some therapists, they'll do like, it's called like a Super bill, and they'll follow one claim, but in that claim, there's, like, multiple claims. I don't know if she's going to do that. I just know that it's a possibility. Okay, so given all the context that I've given you, what do you suggest that we do next? I submit. minus three letters because I know that I know it's confusing when people try it with that. Because I know that even if you go to the pharmacy, if you give them three letters, it'll say that you don't have benefits, even though you do have benefits.. Okay, and you said when shemits. resummit the member ID or resubmit the claim. claim, you the ID, you're gonna do 9, 4, 3, 430,183. minus don't do the letters on there. Okay. Okay. I'm gonna just give her this recording as well. I appreciate it. This is helpful. Yeah, I mean, we just need to know how. I don't know if you can email her or something. And they'll tell you, like, the program that we use. that will be you know, really helpful to know which way it's being submitted. You know what? Let me see if I can even see any claims have gone through. Oh, good. Or maybe be like past ones. Her name is Tracy Lucas., I have isinus special good one. Like, the very first one, or would she try to do it again? I don't. I standpoint, probably submit, I don't know, what, but I know, like, she's probably a plane, November and December. I don't.. What was the name of the place one more time? Ooh, the place. Let me look it up. Because sometimes they build under like a business if there's multiple therapists there. It's called. It's called Life Stance Health. No. I'm not seeing anything yet, so I would have her resubmit it and then do the claim. Do you remember AD the right way and then the group numbers 00969. Submit it that way. Okay. I'm looking at a line says I have a claims being pro Oh, it's the science analogy one. Dang. So do you not see any like therapist ones as well? No, I don't see anything. The last one Excuse me, the last one I see on here was on 12:30., I was at the therapy. Tapist office on New Year's Eve. That's cool. I appreciate your help on us. Thank you. You're welcome. You're welcome. Let me do one more thing, check one more thing one somewhere else. Yeah, no, nothing's there, so yeah, definitely have them retry. Rico from there. And if you would definitely ask, you know, how how is it submitted, so we can kind of have a general direction what needs to be done on that, how we look at it up. Other than that, is there anything else we could do for you today, sir?. And for my benefits, they're the exact same as last year, correct? I don't know, for behavior, I can pull up your behavior benefits. If you want me to. Yeah, yeah. Okay.. Can he review this for all about benefits? I'm sorry? Can you review this for all my benefits as well? I mean, I have to break it up, I do it different ways, but I could do, like, office visits for you or, you know, like, what exact benefit are you trying to figure out? Is pretty much is my plan the same am I expecting whatever I got last year, I got this year? Because I haven't changed anything. I mean, maybe the same, but like, it kind of goes into detail asking me which one. like, which you want. I know you have my last year you had a My blue Health Silver Stand, which is the same policy, but, I mean, like, it's kind of it's kind of really broad. So, like, right now I'm going to pull up your behav open, but if you want to know how much of my doctor visits are going to be, if I go see the doctor or, you know, questions like that or how much of my medications, what's the tears going to be that those are kind of different types of questions? Yeah. So I really don't know without knowing, like, hey, this is what I want to know, that I can go pull that up. It doesn't, like, just say general over the board type of benefits, because it breaks everything down. But I'm going to read some information to you real quick. Okay go from there. All right. represents highest level benefits up the lowest side of pocket.s when utilize your preferrediders, everything you're gonna do will it be in or out of network? Typically in network.. So it's the question next question on here. Are these teleh visits are in person? Primarily in person? Okay. Um, unfortunately, it didn't give me any procedure codes I could pull up. Do you know any of the procedure codes that you had when you went to the doctor? No, I do not. D. That's okay. Let's see. And it's asking for the plates of treatment, would it be at your home, at a hospital or an office? Uh, home. I mean, sorry. Uh. I guess do's office or nurse practitioner office? Yeah. Okay, that's fine.'s an office. All right, so they can follow two separate ways. They can follow us as a family accounts an adult, or individual psychotherapy. Since we don't know, we can't pull up a K there's nothing on file. I'll just give it the benefit for both of them, okay? All right. Let's see here. So I here for family council your benefits are there's no co pay that pos this, no preertification, no deductible, 100% cover the amount, and there's no out of pocket applza services. So basically it's trying to covered benefit. and it does say exactly the same work they want to follow with individual psychotherapy. Was there a charge for you to go last year? Not that I know of, no. N no co.. Um. Let me get that done. Now, you said all your benefits, do you want me to pull up like the tears of medications and all that, too? No, no, no. I guess I just wanted to know generally. I know I got the same plan. I just wanted to see'cause last time I talked to them, they just said that I was just I would just be them meeting like a representative like yourself. They share it that' the only thing that's changed about my plan is how much I pay per month, but everything else is the same. And so I just wanted to see if relatively everything was the same. So you don't have to go through all of it. I just wanted to get like a good sentiment on that. Okay. All right, before that goes, anything that could do for you today? Nope, that'll be it, man. Thank you so much. You very welcome. Thank you for choosing Blue Crossberry Shield.s a brief two questions survey at the end of this call. Have a great afternoon. Bye bye. Bye bye.",,,2026-03-14 13:23:25+00,2026-03-14 19:02:08+00
5670a435-dbda-4ba9-8f2d-cfe7c36b5abf,9a8decb3-8c99-4151-8023-8a8f331d8239,My check my check my check,,,2026-03-14 00:37:58+00,2026-03-14 19:02:08+00
3493a30f-5b64-4a69-a4fb-04068ec50e42,9a8decb3-8c99-4151-8023-8a8f331d8239,When people hear campaign promises they're thinking about groceries rent prescriptions we talked a little bit what's your message to Texas super like like they're they're falling behind our whole campaign is about lowering costs and it's not just the cost of the grocery store it's the structural economy that hold upholding working fatal claim last families back so that's things like We go with immigration it's another issue that consistently consistently confidently As I mentioned I thought almost exclusive wood brown kid kids in San Antonio I taught a lot of undocumented students and so they and their families are targeted by the same by administration and these unlawful ice raids once we win this in a majority a top priority has to be launching a full investigation topped into ice ice including its leadership we have to haul these masked men before concert And and we need to put a stop the way to do that that is to win him Senate majority so we can finally prosecute any abuses from ice and and change the stage And because the system itself is with producing these outcomes extreme in this corruption and so what I would prioritize is comprehensive political reform again that's getting big money out of politics and mandarin so we can have real real free Voting for me walking away is not an option being a citizen this country requires a lot more than voting you have to hold me accountable for you you and watching you're my boss you employ your employee and just like any company you wouldn't just hire someone to walk away you would make sure that they're hitting their goals that they're performing that they're doing what they said they were gonna do but they're they're fulfilling their But counted on in every election cycle I think we saw the last election that we can't take any community for granted but particularly black voters assuming that anyone is gonna show up and vote for you as a candidate or show up and vote for your political party I would say you should never believe anything politician says I think you should look at what a politician has done because past behavior is the best indicator of future illegal to believe that eight years in the state of state When a unarmed black man Javier ambler father of two was murdered Williamson County County sheriffs department for not ending,,,2026-03-13 22:56:44+00,2026-03-14 19:02:08+00
ce68ed2d-20be-4392-9784-a1ca482ef6ff,9a8decb3-8c99-4151-8023-8a8f331d8239,Might check my check my check,,,2026-03-13 22:43:23+00,2026-03-14 19:02:08+00
65313dce-e7f9-4a74-92c4-c47dc60707dd,9a8decb3-8c99-4151-8023-8a8f331d8239,Night Shift,,,2026-03-13 22:42:54+00,2026-03-14 19:02:08+00
d4a45804-cfac-4d1a-b8a4-276d72b59158,9a8decb3-8c99-4151-8023-8a8f331d8239,Something completely different the positive aspect of universal basic income is that first I think we could both agree that if an enormous amount of jobs just go away that probably is the only way to sustain society you can't just have people go poor and go hungry when we we have unfathomable wealth it's being created by the same system right so universal basic income on one hand has a lot of hope because that there is this potential that you now no longer so we're locked into the situation that you're working working and you have to work because you have to take care of food and you have to take care of shelter and that this is what most people are doing with most people in this country right now are working check to check there they're living paycheck to paycheck and they're essentially getting by and any catastrophe medical or otherwise will eliminate all savings instant instantaneously and they're doomed and you're doing most of their life just to sustaining state and that they don't think they're gonna get ahead and they don't think they're they have any potential to get ahead so if something wrong wrong that takes care of that aspect of life so if universal basic income I can provide you with food and shelter now you no longer have to read about food you no longer well shelter now now you have to find meaning the problem is for a lot of people there are many trying distractions that are unproductive like social media like video games like things that people participate in all day long and then you add in a fact for a drug addict addiction and partying and a lot of other fruitless lit things that people done if you only were living for the first 30 fears of your life just to deal with food and shelter and now food and shelter is provided for you now at 35 you have to sort of reformulate your view of the world and find meaning and find something and maybe you're an atheist so you don't you don't find meaning in religion and you don't have any desire to find meaning in religion what do you do what do you do and how do you educate these people and how do you I think there's gonna be an upheaval the lives of which we have never seen before and it's gonna be a lot of chaos and it's gonna be very very uncomfortable for a lot of people I think we're gonna deal with unprecedented levels of addiction whether it is with drugs or with will fill the gambling whatever things that people get addicted to because I think people gonna look for thrills they're gonna look for something that entices them that gives them some excitement because they're just getting a check every month unfortunately just the way humans are wired that's not good for us we know that from we know that from lottery like people get an enormous chunk of money you might win $200 million you hit the mega bonus whatever the hell it is and then you're living in hell for whatever reason you don't like it you you now find yourself surrounded by people that to try to take money from you you feel like you're target you all the people that you grew up with and all people know now looking for handouts and it gets really crazy and most of them wind up pennyless with a short period of time I think it's like how many years is it were most lottery winners wind up broke I think it's like less than 20 years they have enormous amounts of money so like the only thing that you can do for those people is to somehow another inspired them to live in a different way and I don't think that's a function of the government I think it's a function of individuals and of inspirational people that can provide some sort of an example that differs from what they're surrounded by I agree and so we approach this when it happens which I agree it's about to happen and I don't think any of us are ready for it if we approach it as a technological problem or even an economic problem I think we're missing the full picture here cause I do it as a it is primarily first and foremost a spiritual problem and what I do know about human beings is that all of us ask these questions what is what does it mean to be a human what is all this about where is my life going why are we all here late at night I can assure you almost everybody has asked those big deep questions that is essential to being a human human being whether whether you're religious or not whether an atheist or not,,,2026-03-13 20:58:23+00,2026-03-14 19:02:07+00
63005c19-198d-4392-a18f-552f771f112c,9a8decb3-8c99-4151-8023-8a8f331d8239,An affirmation in one of our most central stories that creation has to be done with consent you cannot force someone to create creations one with sacred acts that that that we engage in as human beings but that has to be done with consent it has to be done with freedom and and to me that is absolutely consistent with the ministry in life and death of Jesus and so that's why that's how I come down on that side of the issue again I'm very open for my fellow Christian to disagree with that and they may have scripture passages they .2 to be anti-abortion and I think that's a debate that we should put comfortable having all I'm saying is that it shouldn't be assumed that just because you're a Christian you are anti-gay or anti-abortion because there's so many Christians out there who don't subscribe to either of those policy positions so there's a lot of nuance if you're if you're talking about abortion right because you're you're not just talking about a woman's right to choose but you're also talking about rape and incest right so you're you're talking about a woman's,,,2026-03-13 19:26:58+00,2026-03-14 19:02:07+00
46e0975b-9174-4755-975d-8e8ba5d2666f,9a8decb3-8c99-4151-8023-8a8f331d8239,You don't say I wanna have this user journey the user click here and they do XYZ but thank you for sharing and speaking and for the work you do really appreciate it this speaker members I think we can trust our school districts to make the decision decisions on the regulations they'll put on one of the biggest contest the selection season is going to be in the state of Texas Texas state as well with the highest number of veterans in the country the people who actually fight our wars Texas is also the state with the most farms in the country where farmers will now have to pay higher prices for fertilizer thanks to Trump's war and Texas is known as a state that produces a lot of oil and gas but also consumes more petroleum and natural gas than any other state in the country meaning that $.60 is really gonna hurt everything is bigger in Texas including the cost of Trump's war Texas of course also the state Democrats have just nominated a charismatic fake driven candidate who is already charmed some formally Trump friendly influencers like Joe Rogan already making sure the Texans understand what time four will cost them millennial I saw how military disasters like the Iraq war robbed this nation of Young lives of billions of dollars of our moral standing in the world and I worried that our leaders are repeating those same mistakes I was in Sand branch Texas which is a few south of Dallas doesn't water it doesn't have basic sewer infrastructure so every dollar we spend bombing people in the Middle East as a dollar we're not spending in branch Texas or in our communities we're always told that we don't have enough money for schools or for healthcare for our government but there's always enough money to bomb people on the other side of the world that's the message Republicans will have to find a way to counter this snow member but right now Republicans can't even decide who their candidate in Texas is going to be right after the primary election election Texas senators was forced into a runoff with his incredibly like like the most scandal like maybe in the country primary challenger Ken Paxton and for days there were reports the Trump was going to endorse corn to try to end the primary so Republicans could focus on beating James Tyler Rico but then can packing for a run into the plan announcing that he would only drop out if Republicans got rid of the bus pass Trump suppression bill and the New York Times site two sources to say Paxton texted the president directly to make sure he saw the ultimatum so that's what the two Republicans fighting it out for the nomination are focused on well worth less less than two weeks into a war in Iran and now Trump is reportedly delaying endorsement trying to use his own parties in fighting to push his unpopular agenda I'm just cannot help but make things harder on his own part especially in Texas and now within an unpopular war about over this entire election and Democrats convinced Texas vote to finally make a change for his first news interview since becoming the Democratic nominee for US Senate in Texas is Texas state representative James Tyler it's great to see you and there's so much to ask you about I just wanted to start digested a lot of scary news today a lot of people watching right now a lot of people in Texas of course too and this morning we learned about the shooting at Old Dominion university in which I suspected gunman killed an ROTC instructor we just learned the details of the identity of that instructor then we learned about the attack on the synagogue temple Israel just outside of Detroit and I want to report and update people that the Department of Homeland Security has just identified the attacker,,,2026-03-13 18:55:59+00,2026-03-14 19:02:07+00
414ba7be-506d-406a-add9-d7128fe70c34,9a8decb3-8c99-4151-8023-8a8f331d8239,Good morning all right so let's see I remember they're being a dream where I was playing a video game that really dope graphics there's this character with very muscular he look like Mr. incredible it had a very linear dimension of can you play wasn't like open world fair linear like you gonna go left or right then up and now you can go around but it was good and this guy had these frost powers that the CGI was really good amazing but then the game came to life a little bit and that was pretty cool it was a Shorty that was just fighting people downstairs it was really all over the place honestly but I remember the first dream that was actually me I don't know at this event this is public event where I'm like I always have to have these types of dreams where I'm like I'm dressed up a more wedding I got a suit on sometimes like my head is a shave so like damn I don't want people to see my head right now I need to shave but then I'm also supposed to be doing something else supposed to be like playing basketball right after this car I carry some clothes with me to change in and I am like a little bit rushing and then also there's a girl that like me and all place would be honest and then I think Tony Hagaman was there he was offering donuts and shit like that I took a donut but never ate it cause I ain't I should've eaten a shit and then I remember sitting in this room with a couple others and we come across this politician who says some racist stuff and black brother he was like oh see it's it's crazy like even when you find someone that's why and their honor but we still presume they're racist we know that there are people their races that are why but we can't say we shouldn't be we need to really investigate this person before we start to presume who they are based off of just what other people say and I was like you were absolutely right I agree with you so and then this gentleman's plan is raging blast Dragon Ball Z game and he was like this came so easy and I feel like I paid money for something like this and it was so weird like the only mission that was left for us to fight Brawley and but he already fought him but the icon to fight him was still there and and then there was another part of it when he was just flying around you know cause it was they didn't have that so he's flying around and he's like OK and then he grabs this dirty stuff I'm in a cloud or something like that it was all over the place,,,2026-03-13 15:13:02+00,2026-03-14 19:02:07+00
5865858f-58fe-4d9d-a212-c46f051f8a94,9a8decb3-8c99-4151-8023-8a8f331d8239,There was another dream I had where I was riding with my aunt and we were going to go see Tyler and for some reason he lived near New York or in New York and I've had this dream before we would be in Indiana and that we can easily get to like California or new Albany are these very far states very quickly by taking a shortcut then end a call and tell her to see if you was home and eventually it was home but it was just really interesting not sure how I feel,,,2026-03-12 13:38:31+00,2026-03-14 19:02:07+00
ab83c7f8-0578-428c-8161-f6b095bd5af4,9a8decb3-8c99-4151-8023-8a8f331d8239,So first train first dream was forgot the first dream was I was on the bus public bus and this guy started talking trash to me threatened me and I said you can't do anything to me I'm cooked by the blood of the Lord what are you doing and I started just reciting scripture of my life and eventually everything stopped and then I went from that to this other dream where is this person who is like I was trying to it was sleeping with this other man and this person was also like a demon and it was cutting itself and it was weird and eventually the overwhelmed that they left and then this other thing took place I was in this gymnasium with a friend we're watching a movie and it was a bunch of people there it was like a church movie Christian movie and from there we ended up we're looking for seats fan seat find a couple seats that are closer by end up exchanging my foldable chair for a better one don't feel anything there with the other dreams from that from last night with with the with a demon I felt a bit frightened and then this other dream I'm so we're at this company I felt disappointed even though I was making good money,,,2026-03-12 13:34:47+00,2026-03-14 19:02:07+00
0744d68f-77f6-4230-8866-6224d20a49fe,9a8decb3-8c99-4151-8023-8a8f331d8239,I was thinking about I was I'm currently watching I was watching videos on how to take ideas from reception to launch using by regarding vibe code and I came across this interview with the creator of prayer lock and it was very impressed in prayer lock is a tool that like your phone and all your apps are locked until you pray and then it generates a prayer for you if you're struggling to come up with a prayer and from there it takes that moment and then you're able to unlock your phone after work and I was feeling tempted to just like you know I'm bout to stay up and go ahead and process that I'm gonna stay up and bring through how to like why is that so successful and actuality to recognize that you're like it's probably better just to rest I think they like all these ideas belong to God and so let me manage these moments well and I view them as opportunities that have the strive for rather I can just process them well with the Lord and so yeah,,,2026-03-12 03:30:26+00,2026-03-12 03:30:26+00
72500545-68a4-4782-bf19-5af6e35acab5,43601b86-a80e-4e60-83b9-d22cb0723b5f,My check my check my check,,,2026-03-11 18:34:27+00,2026-03-11 18:34:34+00
bf7c0490-504d-4208-a5da-f1c183bd9609,43601b86-a80e-4e60-83b9-d22cb0723b5f,Mike check,,,2026-03-11 18:34:00+00,2026-03-11 18:34:00+00
8f3b53f1-d5e4-49e6-87d1-9db0b640b992,245185b1-a8e8-41b9-9fac-2e07c8fae5ec,Might check my check my check my check,,,2026-03-11 18:27:04+00,2026-03-11 18:27:12+00
41f53841-a8ce-4477-995f-29a411b31dbf,245185b1-a8e8-41b9-9fac-2e07c8fae5ec,Test1 tap to text,,,2026-03-11 18:26:34+00,2026-03-11 18:26:34+00
3b20163b-455c-4fa5-96dd-2ea76c55ba4d,245185b1-a8e8-41b9-9fac-2e07c8fae5ec,My check my check my check test one@joel.com,,,2026-03-11 18:25:58+00,2026-03-11 18:25:58+00
74804510-7c25-48be-a006-1a1718c50534,a2848a08-8147-4cac-acb5-a39f0f7538df,Number 11 pilot one voice,,,2026-03-11 18:23:00+00,2026-03-11 18:23:00+00
3242a892-7a83-4580-9d7f-aa7d5100f9cb,a2848a08-8147-4cac-acb5-a39f0f7538df,10 Pilot 1,,,2026-03-11 18:22:19+00,2026-03-11 18:22:19+00
267ade50-1979-4639-8a92-ae86aa897466,a2848a08-8147-4cac-acb5-a39f0f7538df,Mike check,,,2026-03-11 18:21:32+00,2026-03-11 18:21:32+00
ad0e66e7-0f91-4191-a1d5-26b1c5d6a211,a2848a08-8147-4cac-acb5-a39f0f7538df,Voice for pilot one,,,2026-03-11 18:20:57+00,2026-03-11 18:20:57+00
a0a29e6e-b04a-4e17-b0be-12df3bc5f4d4,acfa9696-7033-4686-a77b-d22d249af03f,My check I'm just trying to make sure this is good for pilot number pilot three voice,,,2026-03-11 18:19:04+00,2026-03-11 18:19:04+00
e7260e2b-8a11-4359-87f5-f1ae208048aa,acfa9696-7033-4686-a77b-d22d249af03f,Jhhhh,,,2026-03-11 18:18:33+00,2026-03-11 18:18:33+00
330413ee-0045-445e-8e32-f772b65a28bf,a2848a08-8147-4cac-acb5-a39f0f7538df,Mike check my check my check,,,2026-03-11 17:46:37+00,2026-03-11 18:15:55+00
871c626f-5d4e-4140-8e5a-1bb5568b1432,a2848a08-8147-4cac-acb5-a39f0f7538df,Jdjdhdd,,,2026-03-11 17:46:08+00,2026-03-11 18:15:55+00
570bbeeb-dfff-425a-90bb-d31c5c7868dc,acfa9696-7033-4686-a77b-d22d249af03f,My check my check,,,2026-03-11 17:44:59+00,2026-03-11 17:44:59+00
bb1ae84a-2ab4-46cf-ab76-0a76425d8933,43601b86-a80e-4e60-83b9-d22cb0723b5f,Micke,,,2026-03-11 17:40:15+00,2026-03-11 17:40:15+00
e76dbf5a-26d4-4b7f-9ac9-78f5d8b27b5f,a2848a08-8147-4cac-acb5-a39f0f7538df,My check my check,,,2026-03-11 17:39:15+00,2026-03-11 18:15:55+00
25bca9da-ac93-455b-8f8e-3f3bfae0ba40,9a8decb3-8c99-4151-8023-8a8f331d8239,Tester one addexample.com,,,2026-03-11 17:29:05+00,2026-03-11 17:29:05+00
51adc27a-b51c-4db9-89c5-a04887c0c452,9a8decb3-8c99-4151-8023-8a8f331d8239,Hehehdhdhd,,,2026-03-11 17:14:57+00,2026-03-11 17:14:57+00
82e6185c-0eb6-4718-9ac6-fc0387162375,9a8decb3-8c99-4151-8023-8a8f331d8239,My check my check my check,,,2026-03-11 17:12:51+00,2026-03-11 17:12:51+00
dc2660cf-d1d6-4b9d-9c3f-5e80130a528a,9a8decb3-8c99-4151-8023-8a8f331d8239,My check my check my,,,2026-03-11 17:12:27+00,2026-03-11 17:12:27+00
0a6e9ffb-fa26-47c4-b532-988e1e1c604b,43601b86-a80e-4e60-83b9-d22cb0723b5f,Momentsssssss,,,2026-03-11 17:11:12+00,2026-03-11 17:11:12+00
1d9e5399-4a00-40ff-9ffb-4e3e35effdf9,9a8decb3-8c99-4151-8023-8a8f331d8239,My check my check my,,,2026-03-11 16:57:55+00,2026-03-11 16:57:55+00
44b1b069-a351-4506-b2fb-38922371fa77,9a8decb3-8c99-4151-8023-8a8f331d8239,My check my check my check my check my check,,,2026-03-11 16:39:56+00,2026-03-11 16:39:56+00
ca88f6ad-46b4-4ac5-84d5-0fad749c5e07,9a8decb3-8c99-4151-8023-8a8f331d8239,"First Dream: marking attending a dinner in the Bay

Next Dream: Hangijg with Justin as he is on his way to see a shorty. ",,,2026-03-11 13:37:13+00,2026-03-11 16:39:32+00
9f4a7900-6b8a-46d7-ac11-88babe25e1c1,9a8decb3-8c99-4151-8023-8a8f331d8239,Test her off-line tap to text,,,2026-03-11 01:18:00+00,2026-03-11 01:18:06+00
d679c74e-18d3-4b94-a524-08851ab18b41,9a8decb3-8c99-4151-8023-8a8f331d8239,Buy check a fresh two young Lou trying to cash the microphone check 212 wouldn't believe my own height but it's 21 true the world brought me to my knees with a view brought you tester,,,2026-03-11 01:17:44+00,2026-03-11 01:18:06+00
c5dc617b-2622-440a-b1d1-22f823f9697b,9a8decb3-8c99-4151-8023-8a8f331d8239,Test online,,,2026-03-11 01:16:52+00,2026-03-11 01:16:52+00
2aa3c9bf-57d5-4a01-8bee-d3987b1de502,9a8decb3-8c99-4151-8023-8a8f331d8239,Tester online,,,2026-03-11 01:16:41+00,2026-03-11 01:16:41+00
4236ea12-8140-4c31-90a8-14a4cc83b71b,acfa9696-7033-4686-a77b-d22d249af03f,My check my check pilot three,,,2026-03-11 01:16:10+00,2026-03-11 01:16:10+00
b7df332d-8138-4494-88d7-9bbc06c949c4,acfa9696-7033-4686-a77b-d22d249af03f,Pilot three tap to text off-line,,,2026-03-11 01:15:54+00,2026-03-11 01:16:03+00
ff4bf5aa-86ad-4315-8a5b-4aeb68d8e92a,acfa9696-7033-4686-a77b-d22d249af03f,Hdhdhdhd pilot 3,,,2026-03-11 01:15:37+00,2026-03-11 01:15:37+00
fe865722-3040-4160-8f36-60f21205106c,acfa9696-7033-4686-a77b-d22d249af03f,Pilot three voice off-line,,,2026-03-11 01:15:26+00,2026-03-11 01:15:32+00
0c99ce17-b55b-482e-97f7-e71c955d5bd0,acfa9696-7033-4686-a77b-d22d249af03f,Pilot3 offline tap text,,,2026-03-11 01:15:01+00,2026-03-11 01:15:07+00
9e275fe8-6dfc-4eb8-a32b-3ac9280e9c30,acfa9696-7033-4686-a77b-d22d249af03f,Mike check my check this is pilot three sorry pilot three voice off-line,,,2026-03-11 01:14:44+00,2026-03-11 01:15:07+00
33723439-0662-4541-9c53-00413bcc37fa,43601b86-a80e-4e60-83b9-d22cb0723b5f,Pilot 2 offline tap to test ,,,2026-03-11 01:13:52+00,2026-03-11 01:14:00+00
9a6c8083-de90-49dc-b848-65a14e050439,43601b86-a80e-4e60-83b9-d22cb0723b5f,Pilot off-line voice pilot two,,,2026-03-11 01:13:37+00,2026-03-11 01:13:59+00
a3625ffe-ca02-4c1e-b894-6a0ea620bde2,43601b86-a80e-4e60-83b9-d22cb0723b5f,Pilot 2 text offline,,,2026-03-11 01:12:57+00,2026-03-11 01:13:04+00
ce933dfa-ffe0-4d7d-b322-fd7c1feda17d,43601b86-a80e-4e60-83b9-d22cb0723b5f,Pilot two at off-line voice,,,2026-03-11 01:12:40+00,2026-03-11 01:13:02+00
143a75ea-8aa9-4d8c-85a8-e49fbc2f1899,43601b86-a80e-4e60-83b9-d22cb0723b5f,Copilot 2 offline,,,2026-03-11 01:12:21+00,2026-03-11 01:12:21+00
ccd3cf88-8004-4517-ba63-36e0bacfb44a,43601b86-a80e-4e60-83b9-d22cb0723b5f,pilot 2@villa.com voice off-line,,,2026-03-11 01:12:06+00,2026-03-11 01:12:06+00
78c59acf-c620-4b3d-bc94-cda5471c4b83,a2848a08-8147-4cac-acb5-a39f0f7538df,Pilot1 tap text offline,,,2026-03-11 01:11:08+00,2026-03-11 18:15:55+00
0e0e29ae-f024-4027-b9a7-095fd29fb1a5,a2848a08-8147-4cac-acb5-a39f0f7538df,This is testing pilot one atrollable.com online start off-line off-line off-line voice one,,,2026-03-11 01:10:56+00,2026-03-11 18:15:55+00
35e5eb59-1974-4ac7-92a6-296e62ab396a,a2848a08-8147-4cac-acb5-a39f0f7538df,Jehehdhdhdhdhdhd,,,2026-03-11 01:04:47+00,2026-03-11 18:15:55+00
6af6c758-20a8-4c84-acb1-43681b610f43,a2848a08-8147-4cac-acb5-a39f0f7538df,ABC DEFGHHIJKLMNOPQRSTUVWXYNZ,,,2026-03-11 01:04:40+00,2026-03-11 18:15:54+00
